/*
SQLyog Community v12.4.3 (64 bit)
MySQL - 5.6.12-log : Database - siakad_2018
*********************************************************************
*/

/*!40101 SET NAMES utf8 */;

/*!40101 SET SQL_MODE=''*/;

/*!40014 SET @OLD_UNIQUE_CHECKS=@@UNIQUE_CHECKS, UNIQUE_CHECKS=0 */;
/*!40014 SET @OLD_FOREIGN_KEY_CHECKS=@@FOREIGN_KEY_CHECKS, FOREIGN_KEY_CHECKS=0 */;
/*!40101 SET @OLD_SQL_MODE=@@SQL_MODE, SQL_MODE='NO_AUTO_VALUE_ON_ZERO' */;
/*!40111 SET @OLD_SQL_NOTES=@@SQL_NOTES, SQL_NOTES=0 */;


/*Table structure for table `akademik_jadwal_kuliah` */

DROP TABLE IF EXISTS `akademik_jadwal_kuliah`;

CREATE TABLE `akademik_jadwal_kuliah` (
  `jadwal_id` int(11) NOT NULL AUTO_INCREMENT,
  `tahun_akademik_id` int(11) NOT NULL,
  `konsentrasi_id` int(11) NOT NULL,
  `makul_id` int(11) NOT NULL,
  `hari_id` int(11) NOT NULL,
  `waktu_id` int(11) NOT NULL,
  `ruangan_id` int(11) NOT NULL,
  `dosen_id` int(11) NOT NULL,
  `semester` int(11) NOT NULL,
  `jam_mulai` varchar(9) NOT NULL,
  `jam_selesai` varchar(9) NOT NULL,
  PRIMARY KEY (`jadwal_id`)
) ENGINE=InnoDB AUTO_INCREMENT=251 DEFAULT CHARSET=latin1;

/*Data for the table `akademik_jadwal_kuliah` */

insert  into `akademik_jadwal_kuliah`(`jadwal_id`,`tahun_akademik_id`,`konsentrasi_id`,`makul_id`,`hari_id`,`waktu_id`,`ruangan_id`,`dosen_id`,`semester`,`jam_mulai`,`jam_selesai`) values 
(132,10,3,2,1,0,1,35,1,'',''),
(133,10,3,3,2,0,2,35,1,'',''),
(134,10,3,4,3,0,13,35,1,'',''),
(135,10,3,5,5,0,18,35,1,'',''),
(136,10,3,6,5,0,16,35,1,'',''),
(137,10,3,13,0,0,0,0,3,'',''),
(138,10,3,14,0,0,0,0,3,'',''),
(139,10,3,15,0,0,0,0,3,'',''),
(140,10,3,16,0,0,0,0,3,'',''),
(141,10,3,17,0,0,0,0,3,'',''),
(142,10,3,18,0,0,0,0,3,'',''),
(143,10,3,25,0,0,0,0,5,'',''),
(144,10,3,26,0,0,0,0,5,'',''),
(145,10,3,27,0,0,0,0,5,'',''),
(146,10,3,28,0,0,0,0,5,'',''),
(147,10,3,29,0,0,0,0,5,'',''),
(148,10,3,30,0,0,0,0,5,'',''),
(149,10,3,37,0,0,0,0,7,'',''),
(150,10,3,38,0,0,0,0,7,'',''),
(151,10,3,39,0,0,0,0,7,'',''),
(152,10,3,40,0,0,0,0,7,'',''),
(153,10,3,41,0,0,0,0,7,'',''),
(154,10,3,42,0,0,0,0,7,'',''),
(155,11,3,7,2,0,0,36,2,'',''),
(156,11,3,8,1,0,0,36,2,'',''),
(157,11,3,9,0,0,0,36,2,'',''),
(158,11,3,10,0,0,0,36,2,'',''),
(159,11,3,11,0,0,0,36,2,'',''),
(160,11,3,12,0,0,0,36,2,'',''),
(161,11,3,19,0,0,0,0,4,'',''),
(162,11,3,20,0,0,0,0,4,'',''),
(163,11,3,21,0,0,0,0,4,'',''),
(164,11,3,22,0,0,0,0,4,'',''),
(165,11,3,23,0,0,0,0,4,'',''),
(166,11,3,24,0,0,0,0,4,'',''),
(167,11,3,31,0,0,0,0,6,'',''),
(168,11,3,32,0,0,0,0,6,'',''),
(169,11,3,33,0,0,0,0,6,'',''),
(170,11,3,34,0,0,0,0,6,'',''),
(171,11,3,35,0,0,0,0,6,'',''),
(172,11,3,36,0,0,0,0,6,'',''),
(173,11,3,43,0,0,0,0,8,'',''),
(174,11,3,44,0,0,0,0,8,'',''),
(175,11,3,45,0,0,0,0,8,'',''),
(176,11,3,46,0,0,0,0,8,'',''),
(177,11,3,47,0,0,0,0,8,'',''),
(178,11,3,48,0,0,0,0,8,'',''),
(179,11,3,7,0,0,0,0,2,'',''),
(180,11,3,8,0,0,0,0,2,'',''),
(181,11,3,9,0,0,0,0,2,'',''),
(182,11,3,10,0,0,0,0,2,'',''),
(183,11,3,11,0,0,0,0,2,'',''),
(184,11,3,12,0,0,0,0,2,'',''),
(185,11,3,19,0,0,0,0,4,'',''),
(186,11,3,20,0,0,0,0,4,'',''),
(187,11,3,21,0,0,0,0,4,'',''),
(188,11,3,22,0,0,0,0,4,'',''),
(189,11,3,23,0,0,0,0,4,'',''),
(190,11,3,24,0,0,0,0,4,'',''),
(191,11,3,31,0,0,0,0,6,'',''),
(192,11,3,32,0,0,0,0,6,'',''),
(193,11,3,33,0,0,0,0,6,'',''),
(194,11,3,34,0,0,0,0,6,'',''),
(195,11,3,35,0,0,0,0,6,'',''),
(196,11,3,36,0,0,0,0,6,'',''),
(197,11,3,43,0,0,0,0,8,'',''),
(198,11,3,44,0,0,0,0,8,'',''),
(199,11,3,45,0,0,0,0,8,'',''),
(200,11,3,46,0,0,0,0,8,'',''),
(201,11,3,47,0,0,0,0,8,'',''),
(202,11,3,48,0,0,0,0,8,'',''),
(203,11,3,7,0,0,0,0,2,'',''),
(204,11,3,8,0,0,0,0,2,'',''),
(205,11,3,9,0,0,0,0,2,'',''),
(206,11,3,10,0,0,0,0,2,'',''),
(207,11,3,11,0,0,0,0,2,'',''),
(208,11,3,12,0,0,0,0,2,'',''),
(209,11,3,19,0,0,0,0,4,'',''),
(210,11,3,20,0,0,0,0,4,'',''),
(211,11,3,21,0,0,0,0,4,'',''),
(212,11,3,22,0,0,0,0,4,'',''),
(213,11,3,23,0,0,0,0,4,'',''),
(214,11,3,24,0,0,0,0,4,'',''),
(215,11,3,31,0,0,0,0,6,'',''),
(216,11,3,32,0,0,0,0,6,'',''),
(217,11,3,33,0,0,0,0,6,'',''),
(218,11,3,34,0,0,0,0,6,'',''),
(219,11,3,35,0,0,0,0,6,'',''),
(220,11,3,36,0,0,0,0,6,'',''),
(221,11,3,43,0,0,0,0,8,'',''),
(222,11,3,44,0,0,0,0,8,'',''),
(223,11,3,45,0,0,0,0,8,'',''),
(224,11,3,46,0,0,0,0,8,'',''),
(225,11,3,47,0,0,0,0,8,'',''),
(226,11,3,48,0,0,0,0,8,'',''),
(227,7,3,7,0,0,0,0,2,'',''),
(228,7,3,8,0,0,0,0,2,'',''),
(229,7,3,9,0,0,0,0,2,'',''),
(230,7,3,10,0,0,0,0,2,'',''),
(231,7,3,11,0,0,0,0,2,'',''),
(232,7,3,12,0,0,0,0,2,'',''),
(233,7,3,19,0,0,0,0,4,'',''),
(234,7,3,20,0,0,0,0,4,'',''),
(235,7,3,21,0,0,0,0,4,'',''),
(236,7,3,22,0,0,0,0,4,'',''),
(237,7,3,23,0,0,0,0,4,'',''),
(238,7,3,24,0,0,0,0,4,'',''),
(239,7,3,31,0,0,0,0,6,'',''),
(240,7,3,32,0,0,0,0,6,'',''),
(241,7,3,33,0,0,0,0,6,'',''),
(242,7,3,34,0,0,0,0,6,'',''),
(243,7,3,35,0,0,0,0,6,'',''),
(244,7,3,36,0,0,0,0,6,'',''),
(245,7,3,43,0,0,0,0,8,'',''),
(246,7,3,44,0,0,0,0,8,'',''),
(247,7,3,45,0,0,0,0,8,'',''),
(248,7,3,46,0,0,0,0,8,'',''),
(249,7,3,47,0,0,0,0,8,'',''),
(250,7,3,48,0,0,0,0,8,'','');

/*Table structure for table `akademik_khs` */

DROP TABLE IF EXISTS `akademik_khs`;

CREATE TABLE `akademik_khs` (
  `khs_id` int(11) NOT NULL AUTO_INCREMENT,
  `krs_id` int(11) NOT NULL,
  `mutu` int(11) NOT NULL,
  `kehadiran` int(11) NOT NULL,
  `tugas` int(11) NOT NULL,
  `grade` varchar(2) NOT NULL,
  `confirm` int(11) NOT NULL COMMENT '1=ya 2=tidak',
  PRIMARY KEY (`khs_id`)
) ENGINE=InnoDB AUTO_INCREMENT=250 DEFAULT CHARSET=latin1;

/*Data for the table `akademik_khs` */

insert  into `akademik_khs`(`khs_id`,`krs_id`,`mutu`,`kehadiran`,`tugas`,`grade`,`confirm`) values 
(225,46,12,80,70,'B',1),
(226,47,12,70,70,'B ',1),
(227,48,12,70,70,'C ',1),
(228,49,6,70,70,'B',1),
(229,50,6,80,80,'C',1),
(230,51,12,70,70,'A',2),
(231,52,6,70,80,'B ',2),
(232,53,6,70,80,'A',2),
(233,54,8,70,80,'B',2),
(234,55,8,70,70,'C',2),
(235,56,12,60,60,'B ',1),
(236,57,12,60,60,'B',1),
(237,58,8,60,60,'C',1),
(238,59,8,60,60,'B',1),
(239,60,12,70,70,'B',1),
(240,61,12,80,80,'B',1),
(241,62,0,0,0,'',2),
(242,63,0,0,0,'',2),
(243,64,0,0,0,'',2),
(244,65,0,0,0,'',2),
(245,66,8,80,70,'B',2),
(246,67,8,70,60,'B',2),
(247,68,0,0,0,'',2),
(248,69,0,0,0,'',2),
(249,70,0,0,0,'',2);

/*Table structure for table `akademik_konsentrasi` */

DROP TABLE IF EXISTS `akademik_konsentrasi`;

CREATE TABLE `akademik_konsentrasi` (
  `konsentrasi_id` int(11) NOT NULL AUTO_INCREMENT,
  `nama_konsentrasi` varchar(100) NOT NULL,
  `ketua` varchar(50) NOT NULL,
  `jenjang` varchar(3) NOT NULL COMMENT '1=D1,2=D2,3=D3,4=D4',
  `jml_semester` int(11) NOT NULL,
  `kode_nomor` varchar(20) NOT NULL,
  `gelar` varchar(40) NOT NULL,
  `prodi_id` int(11) NOT NULL,
  PRIMARY KEY (`konsentrasi_id`)
) ENGINE=InnoDB AUTO_INCREMENT=5 DEFAULT CHARSET=latin1;

/*Data for the table `akademik_konsentrasi` */

insert  into `akademik_konsentrasi`(`konsentrasi_id`,`nama_konsentrasi`,`ketua`,`jenjang`,`jml_semester`,`kode_nomor`,`gelar`,`prodi_id`) values 
(3,'gizi','sample text','S1',8,'','S.M',2);

/*Table structure for table `akademik_krs` */

DROP TABLE IF EXISTS `akademik_krs`;

CREATE TABLE `akademik_krs` (
  `krs_id` int(11) NOT NULL AUTO_INCREMENT,
  `nim` varchar(10) NOT NULL,
  `jadwal_id` int(11) NOT NULL,
  `semester` int(11) NOT NULL COMMENT 'semester mahasiswa waktu pengambilan krs',
  `status_pa` enum('y','n') DEFAULT 'n',
  `ip` varchar(5) DEFAULT NULL,
  PRIMARY KEY (`krs_id`)
) ENGINE=InnoDB AUTO_INCREMENT=71 DEFAULT CHARSET=latin1;

/*Data for the table `akademik_krs` */

insert  into `akademik_krs`(`krs_id`,`nim`,`jadwal_id`,`semester`,`status_pa`,`ip`) values 
(46,'1402126',132,1,'n','2.4'),
(47,'1402126',133,1,'n','2.4'),
(48,'1402126',134,1,'n','2.4'),
(49,'1402126',135,1,'n','2.4'),
(50,'1402126',136,1,'n','2.4'),
(51,'120947375',132,1,'n','2'),
(52,'120947375',133,1,'n','2'),
(53,'120947375',134,1,'n','2'),
(54,'120947375',135,1,'n','2'),
(55,'120947375',136,1,'n','2'),
(56,'1402126',155,2,'n','2.666'),
(57,'1402126',156,2,'n','2.666'),
(58,'1402126',157,2,'n','2.666'),
(59,'1402126',158,2,'n','2.666'),
(60,'1402126',159,2,'n','2.666'),
(61,'1402126',160,2,'n','2.666'),
(62,'120947375',155,2,'n','0'),
(63,'120947375',156,2,'n','0'),
(64,'120947375',157,2,'n','0'),
(65,'120947375',158,2,'n','0'),
(66,'12121212',132,1,'n','0.8'),
(67,'12121212',133,1,'n','0.8'),
(68,'12121212',134,1,'n','0.8'),
(69,'12121212',135,1,'n','0.8'),
(70,'12121212',136,1,'n','0.8');

/*Table structure for table `akademik_prodi` */

DROP TABLE IF EXISTS `akademik_prodi`;

CREATE TABLE `akademik_prodi` (
  `prodi_id` int(11) NOT NULL AUTO_INCREMENT,
  `nama_prodi` varchar(100) NOT NULL,
  `ketua` varchar(70) NOT NULL,
  `no_izin` varchar(40) NOT NULL,
  `status` int(11) NOT NULL COMMENT '1=aktif ,2=g aktif',
  PRIMARY KEY (`prodi_id`)
) ENGINE=InnoDB AUTO_INCREMENT=4 DEFAULT CHARSET=latin1;

/*Data for the table `akademik_prodi` */

insert  into `akademik_prodi`(`prodi_id`,`nama_prodi`,`ketua`,`no_izin`,`status`) values 
(2,'gizi','sample text','1169/D/T/2008',1);

/*Table structure for table `akademik_registrasi` */

DROP TABLE IF EXISTS `akademik_registrasi`;

CREATE TABLE `akademik_registrasi` (
  `registrasi_id` int(11) NOT NULL AUTO_INCREMENT,
  `nim` varchar(10) NOT NULL,
  `tanggal_registrasi` datetime NOT NULL,
  `tahun_akademik_id` int(11) NOT NULL,
  `semester` int(11) NOT NULL,
  PRIMARY KEY (`registrasi_id`)
) ENGINE=InnoDB AUTO_INCREMENT=36 DEFAULT CHARSET=latin1;

/*Data for the table `akademik_registrasi` */

insert  into `akademik_registrasi`(`registrasi_id`,`nim`,`tanggal_registrasi`,`tahun_akademik_id`,`semester`) values 
(31,'1402126','2018-04-28 15:55:32',10,1),
(32,'120947375','2018-04-28 15:55:34',10,1),
(33,'1402126','2018-04-28 17:35:30',11,2),
(34,'120947375','2018-04-28 17:35:31',11,2),
(35,'12121212','2018-05-03 11:38:01',10,1);

/*Table structure for table `akademik_tahun_akademik` */

DROP TABLE IF EXISTS `akademik_tahun_akademik`;

CREATE TABLE `akademik_tahun_akademik` (
  `tahun_akademik_id` int(11) NOT NULL AUTO_INCREMENT,
  `keterangan` varchar(15) NOT NULL,
  `batas_registrasi` date NOT NULL,
  `status` enum('n','y') NOT NULL,
  `tahun` int(11) NOT NULL,
  PRIMARY KEY (`tahun_akademik_id`)
) ENGINE=InnoDB AUTO_INCREMENT=12 DEFAULT CHARSET=latin1;

/*Data for the table `akademik_tahun_akademik` */

insert  into `akademik_tahun_akademik`(`tahun_akademik_id`,`keterangan`,`batas_registrasi`,`status`,`tahun`) values 
(7,'20182','2018-05-20','n',2018),
(10,'20181','2018-08-08','y',2018),
(11,'20192','2019-04-11','n',2018);

/*Table structure for table `akademik_waktu_kuliah` */

DROP TABLE IF EXISTS `akademik_waktu_kuliah`;

CREATE TABLE `akademik_waktu_kuliah` (
  `waktu_id` int(11) NOT NULL AUTO_INCREMENT,
  `keterangan` varchar(20) NOT NULL,
  PRIMARY KEY (`waktu_id`)
) ENGINE=InnoDB DEFAULT CHARSET=latin1;

/*Data for the table `akademik_waktu_kuliah` */

/*Table structure for table `app_agama` */

DROP TABLE IF EXISTS `app_agama`;

CREATE TABLE `app_agama` (
  `agama_id` int(11) NOT NULL,
  `keterangan` varchar(15) COLLATE utf8_bin DEFAULT NULL,
  PRIMARY KEY (`agama_id`)
) ENGINE=MyISAM DEFAULT CHARSET=utf8 COLLATE=utf8_bin;

/*Data for the table `app_agama` */

insert  into `app_agama`(`agama_id`,`keterangan`) values 
(1,'Islam'),
(2,'Kristen'),
(3,'Katolik'),
(4,'Budha'),
(5,'Hindu'),
(6,'Kepercayaan');

/*Table structure for table `app_dosen` */

DROP TABLE IF EXISTS `app_dosen`;

CREATE TABLE `app_dosen` (
  `dosen_id` int(11) NOT NULL AUTO_INCREMENT,
  `nama_lengkap` varchar(70) NOT NULL,
  `nidn` varchar(20) NOT NULL,
  `nip` varchar(22) NOT NULL,
  `no_ktp` varchar(20) NOT NULL,
  `tempat_lahir` varchar(30) NOT NULL,
  `tanggal_lahir` date NOT NULL,
  `gender` enum('1','2') NOT NULL,
  `agama_id` int(1) NOT NULL,
  `status_kawin` int(1) NOT NULL COMMENT '1=kawin ,2=belum kawin',
  `gelar_pendidikan` varchar(10) NOT NULL,
  `alamat` text NOT NULL,
  `hp` varchar(12) NOT NULL,
  `email` varchar(40) NOT NULL,
  `prodi_id` int(11) NOT NULL,
  PRIMARY KEY (`dosen_id`)
) ENGINE=InnoDB AUTO_INCREMENT=41 DEFAULT CHARSET=latin1;

/*Data for the table `app_dosen` */

insert  into `app_dosen`(`dosen_id`,`nama_lengkap`,`nidn`,`nip`,`no_ktp`,`tempat_lahir`,`tanggal_lahir`,`gender`,`agama_id`,`status_kawin`,`gelar_pendidikan`,`alamat`,`hp`,`email`,`prodi_id`) values 
(0,'not set','','','','','0000-00-00','',0,0,'','','','',0),
(35,'Suryo, MM','46232','3244','','JABI','1985-04-03','1',1,1,'','jambi','086676345','jo@gmail.com',2),
(36,'Jamal, M.Kom','563634','57786473','','jamka','1987-12-01','1',1,1,'','janbi','895654643564','b@jmai.com',2),
(37,'Rangga, M.Si','78654','3480962','','Jambi','1989-04-07','1',1,1,'','jani','7865436','v@gmail.com',3),
(38,'reno, M.Ag','764564','465345','','janb','1989-01-01','1',1,1,'','jambi','875644','n@gmai.com',3),
(39,'joojo','769780','79779','','jambi','1989-12-01','1',1,1,'','hsjgs','6879808','n@gma.com',2),
(40,'dani','78623','3634363','','jakarta','1989-01-04','1',1,1,'','jambi','766498572','b@gmail.com',2);

/*Table structure for table `app_gedung` */

DROP TABLE IF EXISTS `app_gedung`;

CREATE TABLE `app_gedung` (
  `gedung_id` int(11) NOT NULL AUTO_INCREMENT,
  `nama_gedung` varchar(50) NOT NULL,
  PRIMARY KEY (`gedung_id`)
) ENGINE=InnoDB AUTO_INCREMENT=5 DEFAULT CHARSET=latin1;

/*Data for the table `app_gedung` */

insert  into `app_gedung`(`gedung_id`,`nama_gedung`) values 
(2,'gedung 1'),
(3,'gedung 2'),
(4,'gedung 31');

/*Table structure for table `app_hari` */

DROP TABLE IF EXISTS `app_hari`;

CREATE TABLE `app_hari` (
  `hari_id` int(11) NOT NULL AUTO_INCREMENT,
  `hari` varchar(15) NOT NULL,
  PRIMARY KEY (`hari_id`)
) ENGINE=InnoDB AUTO_INCREMENT=8 DEFAULT CHARSET=latin1;

/*Data for the table `app_hari` */

insert  into `app_hari`(`hari_id`,`hari`) values 
(0,'not set'),
(1,'senin'),
(2,'selasa'),
(3,'rabu'),
(4,'kamis'),
(5,'jumat'),
(6,'sabtu'),
(7,'minggu');

/*Table structure for table `app_nilai_grade` */

DROP TABLE IF EXISTS `app_nilai_grade`;

CREATE TABLE `app_nilai_grade` (
  `nilai_id` int(11) NOT NULL AUTO_INCREMENT,
  `dari` float NOT NULL,
  `sampai` float NOT NULL,
  `grade` varchar(2) NOT NULL,
  `keterangan` text NOT NULL,
  PRIMARY KEY (`nilai_id`)
) ENGINE=InnoDB AUTO_INCREMENT=19 DEFAULT CHARSET=latin1;

/*Data for the table `app_nilai_grade` */

insert  into `app_nilai_grade`(`nilai_id`,`dari`,`sampai`,`grade`,`keterangan`) values 
(10,80,100,'A','SANGAT BAIK'),
(11,75,79.99,'B+','ANTARA SANGAT BAIK DENGAN BAIK'),
(12,70,74.99,'B','BAIK'),
(13,65,69.99,'C+','ANTARA CUKUP DENGAN BAIK'),
(14,60,64.99,'C','CUKUP'),
(15,55,59.99,'D+','ANTARA KURANG DENGAN CUKUP'),
(16,50,54.99,'D','KURANG'),
(17,1,49.99,'E','GAGAL'),
(18,0,0,'T','TUNDA');

/*Table structure for table `app_pekerjaan` */

DROP TABLE IF EXISTS `app_pekerjaan`;

CREATE TABLE `app_pekerjaan` (
  `pekerjaan_id` varchar(2) NOT NULL,
  `keterangan` varchar(30) NOT NULL,
  PRIMARY KEY (`pekerjaan_id`)
) ENGINE=InnoDB DEFAULT CHARSET=latin1;

/*Data for the table `app_pekerjaan` */

insert  into `app_pekerjaan`(`pekerjaan_id`,`keterangan`) values 
('01','tidak bekerja'),
('02','nelayan'),
('03','petani'),
('04','peternak'),
('05','PNS/ TNI/ Polri'),
('06','Karyawan Swasta'),
('07','Pedagang Kecil'),
('08','Pedagang Besar'),
('09','Wiraswasta'),
('10','Wirausaha'),
('11','buruh'),
('12','pensiunan'),
('99','lainya');

/*Table structure for table `app_ruangan` */

DROP TABLE IF EXISTS `app_ruangan`;

CREATE TABLE `app_ruangan` (
  `ruangan_id` int(11) NOT NULL AUTO_INCREMENT,
  `nama_ruangan` varchar(20) NOT NULL,
  `gedung_id` int(11) NOT NULL,
  `kapasitas` int(11) NOT NULL,
  `keterangan` varchar(100) NOT NULL,
  PRIMARY KEY (`ruangan_id`)
) ENGINE=InnoDB AUTO_INCREMENT=28 DEFAULT CHARSET=latin1;

/*Data for the table `app_ruangan` */

insert  into `app_ruangan`(`ruangan_id`,`nama_ruangan`,`gedung_id`,`kapasitas`,`keterangan`) values 
(0,'not set',0,0,''),
(1,'L1.R06',2,25,''),
(2,'L1.R05',2,25,''),
(3,'L1.R02',2,60,''),
(4,'L1.R07',2,25,''),
(5,'L1.R08',2,50,''),
(6,'L1.R09',2,25,''),
(7,'L2.R02',2,20,''),
(8,'L2.R03',2,20,''),
(9,'L2.R04',2,20,''),
(10,'L2.R05',2,20,''),
(11,'L2.R06',2,20,''),
(12,'L2.R07',2,25,''),
(13,'L2.R08',2,25,''),
(14,'L2.R09',2,20,''),
(15,'L2.R10',2,20,''),
(16,'L3.R03',2,60,''),
(17,'L1.R01',2,0,'lab elektro'),
(18,'L1.R03-4',2,0,'lab elektro'),
(19,'L1.R10',2,0,'lab elektro'),
(20,'L2.R02',2,0,'lab bahasa'),
(21,'L3.R02',2,0,'lab jaringan'),
(22,'L3.R05',2,0,'lab dasar'),
(23,'L3.R06',2,0,'lab AK'),
(24,'L3.R07',2,0,'lab multimedia'),
(25,'L2.R03',2,25,''),
(26,'L3.R01',2,30,''),
(27,'ruangan test',2,45,'sampe');

/*Table structure for table `app_users` */

DROP TABLE IF EXISTS `app_users`;

CREATE TABLE `app_users` (
  `id_users` int(11) NOT NULL AUTO_INCREMENT,
  `username` varchar(20) NOT NULL,
  `nama` varchar(50) NOT NULL,
  `password` varchar(32) NOT NULL,
  `level` int(1) NOT NULL COMMENT '1=admin ,2=pihak jurusan ,3=pegawai ,4=mahasiswa',
  `keterangan` varchar(5) NOT NULL,
  `last_login` datetime NOT NULL,
  PRIMARY KEY (`id_users`)
) ENGINE=InnoDB AUTO_INCREMENT=25 DEFAULT CHARSET=latin1;

/*Data for the table `app_users` */

insert  into `app_users`(`id_users`,`username`,`nama`,`password`,`level`,`keterangan`,`last_login`) values 
(1,'admin','admin','21232f297a57a5a743894a0e4a801fc3',1,'','2018-05-03 11:51:17'),
(7,'gizi','','97ad454406de32483c0737564a3b3d68',2,'2','2018-05-03 11:48:11'),
(11,'boy','','1a699ad5e06aa8a6db3bcf9cfb2f00f2',3,'34','2018-04-03 20:25:55'),
(12,'1402126','','1eae3dde682891c21bb022c905ef939a',4,'16','2018-05-03 11:47:56'),
(13,'120947375','','ab82b18d37944b2e53a0813869b93ddc',4,'17','2018-04-29 18:35:55'),
(15,'1203123','','9a652e520408813e3cc62257ae236a6f',4,'18','2018-04-28 14:15:10'),
(16,'1203977','','855e5b1bfdee5b3189548250cfffe719',4,'19','0000-00-00 00:00:00'),
(17,'suryo','','e953837396bb823f758c58bfefc29c51',3,'35','2018-05-03 11:39:23'),
(18,'jamal','','74f56399c89f4bd03ff5e85b6bf4e85f',3,'36','2018-04-30 22:23:33'),
(19,'rangga','','863c2a4b6bff5e22294081e376fc1f51',3,'37','0000-00-00 00:00:00'),
(20,'reno','','41ae5118f87c9f621ef5d66c698e0a94',3,'38','0000-00-00 00:00:00'),
(21,'jojo','','7510d498f23f5815d3376ea7bad64e29',3,'39','0000-00-00 00:00:00'),
(22,'1489468798','','0e37b33f5a731f2522ec91fd5fe86e23',4,'20','0000-00-00 00:00:00'),
(23,'12121212','','8ce87b8ec346ff4c80635f667d1592ae',4,'21','2018-05-03 11:38:25'),
(24,'dani','','55b7e8b895d047537e672250dd781555',3,'40','0000-00-00 00:00:00');

/*Table structure for table `cek_pembayaran` */

DROP TABLE IF EXISTS `cek_pembayaran`;

CREATE TABLE `cek_pembayaran` (
  `id_cek` int(11) NOT NULL AUTO_INCREMENT,
  `nim` varchar(30) DEFAULT NULL,
  `foto_pembayaran` varchar(100) DEFAULT NULL,
  `tgl_bayar` date DEFAULT NULL,
  `semester` int(2) DEFAULT NULL,
  PRIMARY KEY (`id_cek`)
) ENGINE=InnoDB AUTO_INCREMENT=4 DEFAULT CHARSET=latin1;

/*Data for the table `cek_pembayaran` */

insert  into `cek_pembayaran`(`id_cek`,`nim`,`foto_pembayaran`,`tgl_bayar`,`semester`) values 
(1,'1402126','buktipembayaran_1524894526.png','2018-04-28',2),
(2,'1203123','buktipembayaran_1524895993.png','2018-04-29',2),
(3,'12121212','buktipembayaran_1525322210.jpg','2018-05-03',1);

/*Table structure for table `daemons` */

DROP TABLE IF EXISTS `daemons`;

CREATE TABLE `daemons` (
  `Start` text NOT NULL,
  `Info` text NOT NULL
) ENGINE=MyISAM DEFAULT CHARSET=utf8;

/*Data for the table `daemons` */

/*Table structure for table `dosen_pa` */

DROP TABLE IF EXISTS `dosen_pa`;

CREATE TABLE `dosen_pa` (
  `id_pa` int(11) NOT NULL AUTO_INCREMENT,
  `id_dosen` int(10) DEFAULT NULL,
  `id_mahasiswa` int(10) DEFAULT NULL,
  PRIMARY KEY (`id_pa`)
) ENGINE=InnoDB AUTO_INCREMENT=8 DEFAULT CHARSET=latin1;

/*Data for the table `dosen_pa` */

insert  into `dosen_pa`(`id_pa`,`id_dosen`,`id_mahasiswa`) values 
(3,35,16),
(4,36,18),
(6,37,19),
(7,38,17);

/*Table structure for table `gammu` */

DROP TABLE IF EXISTS `gammu`;

CREATE TABLE `gammu` (
  `Version` int(11) NOT NULL DEFAULT '0'
) ENGINE=MyISAM DEFAULT CHARSET=utf8;

/*Data for the table `gammu` */

insert  into `gammu`(`Version`) values 
(11),
(11),
(11);

/*Table structure for table `inbox` */

DROP TABLE IF EXISTS `inbox`;

CREATE TABLE `inbox` (
  `UpdatedInDB` timestamp NOT NULL DEFAULT CURRENT_TIMESTAMP ON UPDATE CURRENT_TIMESTAMP,
  `ReceivingDateTime` timestamp NOT NULL DEFAULT '0000-00-00 00:00:00',
  `Text` text NOT NULL,
  `SenderNumber` varchar(20) NOT NULL DEFAULT '',
  `Coding` enum('Default_No_Compression','Unicode_No_Compression','8bit','Default_Compression','Unicode_Compression') NOT NULL DEFAULT 'Default_No_Compression',
  `UDH` text NOT NULL,
  `SMSCNumber` varchar(20) NOT NULL DEFAULT '',
  `Class` int(11) NOT NULL DEFAULT '-1',
  `TextDecoded` text NOT NULL,
  `ID` int(10) unsigned NOT NULL AUTO_INCREMENT,
  `RecipientID` text NOT NULL,
  `Processed` enum('false','true') NOT NULL DEFAULT 'false',
  PRIMARY KEY (`ID`)
) ENGINE=MyISAM DEFAULT CHARSET=utf8;

/*Data for the table `inbox` */

/*Table structure for table `keuangan_biaya_kuliah` */

DROP TABLE IF EXISTS `keuangan_biaya_kuliah`;

CREATE TABLE `keuangan_biaya_kuliah` (
  `biaya_kuliah_id` int(11) NOT NULL AUTO_INCREMENT,
  `jenis_bayar_id` int(3) NOT NULL,
  `konsentrasi_id` int(3) NOT NULL,
  `angkatan_id` int(3) NOT NULL,
  `jumlah` int(11) NOT NULL,
  PRIMARY KEY (`biaya_kuliah_id`)
) ENGINE=InnoDB AUTO_INCREMENT=1503 DEFAULT CHARSET=latin1;

/*Data for the table `keuangan_biaya_kuliah` */

insert  into `keuangan_biaya_kuliah`(`biaya_kuliah_id`,`jenis_bayar_id`,`konsentrasi_id`,`angkatan_id`,`jumlah`) values 
(227,1,1,2,500000),
(228,2,1,2,500000),
(229,3,1,2,500000),
(230,9,1,2,500000),
(231,10,1,2,500000),
(232,11,1,2,500000),
(233,19,1,2,500000),
(234,1,1,1,500000),
(235,2,1,1,500000),
(236,3,1,1,500000),
(237,9,1,1,500000),
(238,10,1,1,500000),
(239,11,1,1,500000),
(240,19,1,1,500000),
(241,1,1,2,0),
(242,2,1,2,0),
(243,3,1,2,0),
(244,9,1,2,0),
(245,10,1,2,0),
(246,11,1,2,0),
(247,19,1,2,0),
(248,1,2,2,600000),
(249,2,2,2,0),
(250,3,2,2,0),
(251,9,2,2,0),
(252,10,2,2,0),
(253,11,2,2,0),
(254,19,2,2,0),
(255,1,3,2,0),
(256,2,3,2,0),
(257,3,3,2,0),
(258,9,3,2,0),
(259,10,3,2,0),
(260,11,3,2,0),
(261,19,3,2,0),
(262,1,4,2,0),
(263,2,4,2,0),
(264,3,4,2,0),
(265,9,4,2,0),
(266,10,4,2,0),
(267,11,4,2,0),
(268,19,4,2,0),
(269,1,5,2,0),
(270,2,5,2,0),
(271,3,5,2,0),
(272,9,5,2,0),
(273,10,5,2,0),
(274,11,5,2,0),
(275,19,5,2,0),
(276,1,6,2,0),
(277,2,6,2,0),
(278,3,6,2,0),
(279,9,6,2,0),
(280,10,6,2,0),
(281,11,6,2,0),
(282,19,6,2,0),
(283,1,7,2,0),
(284,2,7,2,0),
(285,3,7,2,0),
(286,9,7,2,0),
(287,10,7,2,0),
(288,11,7,2,0),
(289,19,7,2,0),
(290,1,8,2,0),
(291,2,8,2,0),
(292,3,8,2,0),
(293,9,8,2,0),
(294,10,8,2,0),
(295,11,8,2,0),
(296,19,8,2,0),
(297,1,9,2,0),
(298,2,9,2,0),
(299,3,9,2,0),
(300,9,9,2,0),
(301,10,9,2,0),
(302,11,9,2,0),
(303,19,9,2,0),
(304,1,10,2,0),
(305,2,10,2,0),
(306,3,10,2,0),
(307,9,10,2,0),
(308,10,10,2,0),
(309,11,10,2,0),
(310,19,10,2,0),
(311,1,11,2,0),
(312,2,11,2,0),
(313,3,11,2,0),
(314,9,11,2,0),
(315,10,11,2,0),
(316,11,11,2,0),
(317,19,11,2,0),
(318,1,12,2,0),
(319,2,12,2,0),
(320,3,12,2,0),
(321,9,12,2,0),
(322,10,12,2,0),
(323,11,12,2,0),
(324,19,12,2,0),
(325,1,13,2,0),
(326,2,13,2,0),
(327,3,13,2,0),
(328,9,13,2,0),
(329,10,13,2,0),
(330,11,13,2,0),
(331,19,13,2,0),
(332,1,14,2,0),
(333,2,14,2,0),
(334,3,14,2,0),
(335,9,14,2,0),
(336,10,14,2,0),
(337,11,14,2,0),
(338,19,14,2,0),
(339,1,15,2,0),
(340,2,15,2,0),
(341,3,15,2,0),
(342,9,15,2,0),
(343,10,15,2,0),
(344,11,15,2,0),
(345,19,15,2,0),
(346,1,16,2,0),
(347,2,16,2,0),
(348,3,16,2,0),
(349,9,16,2,0),
(350,10,16,2,0),
(351,11,16,2,0),
(352,19,16,2,0),
(353,1,17,2,0),
(354,2,17,2,0),
(355,3,17,2,0),
(356,9,17,2,0),
(357,10,17,2,0),
(358,11,17,2,0),
(359,19,17,2,0),
(360,1,2,1,600000),
(361,2,2,1,0),
(362,3,2,1,0),
(363,9,2,1,0),
(364,10,2,1,600000),
(365,11,2,1,0),
(366,19,2,1,0),
(367,1,3,1,400000),
(368,2,3,1,300000),
(369,3,3,1,3400000),
(370,9,3,1,200000),
(371,10,3,1,100000),
(372,11,3,1,100000),
(373,19,3,1,950000),
(374,1,10,1,0),
(375,2,10,1,0),
(376,3,10,1,0),
(377,9,10,1,0),
(378,10,10,1,0),
(379,11,10,1,0),
(380,19,10,1,0),
(381,1,1,2,0),
(382,2,1,2,0),
(383,3,1,2,0),
(384,9,1,2,0),
(385,10,1,2,0),
(386,11,1,2,0),
(387,19,1,2,0),
(388,1,2,2,0),
(389,2,2,2,0),
(390,3,2,2,0),
(391,9,2,2,0),
(392,10,2,2,0),
(393,11,2,2,0),
(394,19,2,2,0),
(395,1,3,2,0),
(396,2,3,2,0),
(397,3,3,2,0),
(398,9,3,2,0),
(399,10,3,2,0),
(400,11,3,2,0),
(401,19,3,2,0),
(402,1,4,2,0),
(403,2,4,2,0),
(404,3,4,2,0),
(405,9,4,2,0),
(406,10,4,2,0),
(407,11,4,2,0),
(408,19,4,2,0),
(409,1,5,2,0),
(410,2,5,2,0),
(411,3,5,2,0),
(412,9,5,2,0),
(413,10,5,2,0),
(414,11,5,2,0),
(415,19,5,2,0),
(416,1,6,2,0),
(417,2,6,2,0),
(418,3,6,2,0),
(419,9,6,2,0),
(420,10,6,2,0),
(421,11,6,2,0),
(422,19,6,2,0),
(423,1,7,2,0),
(424,2,7,2,0),
(425,3,7,2,0),
(426,9,7,2,0),
(427,10,7,2,0),
(428,11,7,2,0),
(429,19,7,2,0),
(430,1,8,2,0),
(431,2,8,2,0),
(432,3,8,2,0),
(433,9,8,2,0),
(434,10,8,2,0),
(435,11,8,2,0),
(436,19,8,2,0),
(437,1,9,2,0),
(438,2,9,2,0),
(439,3,9,2,0),
(440,9,9,2,0),
(441,10,9,2,0),
(442,11,9,2,0),
(443,19,9,2,0),
(444,1,10,2,0),
(445,2,10,2,0),
(446,3,10,2,0),
(447,9,10,2,0),
(448,10,10,2,0),
(449,11,10,2,0),
(450,19,10,2,0),
(451,1,11,2,0),
(452,2,11,2,0),
(453,3,11,2,0),
(454,9,11,2,0),
(455,10,11,2,0),
(456,11,11,2,0),
(457,19,11,2,0),
(458,1,12,2,0),
(459,2,12,2,0),
(460,3,12,2,0),
(461,9,12,2,0),
(462,10,12,2,0),
(463,11,12,2,0),
(464,19,12,2,0),
(465,1,13,2,0),
(466,2,13,2,0),
(467,3,13,2,0),
(468,9,13,2,0),
(469,10,13,2,0),
(470,11,13,2,0),
(471,19,13,2,0),
(472,1,14,2,0),
(473,2,14,2,0),
(474,3,14,2,0),
(475,9,14,2,0),
(476,10,14,2,0),
(477,11,14,2,0),
(478,19,14,2,0),
(479,1,15,2,0),
(480,2,15,2,0),
(481,3,15,2,0),
(482,9,15,2,0),
(483,10,15,2,0),
(484,11,15,2,0),
(485,19,15,2,0),
(486,1,16,2,0),
(487,2,16,2,0),
(488,3,16,2,0),
(489,9,16,2,0),
(490,10,16,2,0),
(491,11,16,2,0),
(492,19,16,2,0),
(493,1,17,2,0),
(494,2,17,2,0),
(495,3,17,2,0),
(496,9,17,2,0),
(497,10,17,2,0),
(498,11,17,2,0),
(499,19,17,2,0),
(500,20,1,1,0),
(501,20,2,1,0),
(502,20,3,1,0),
(503,20,4,1,0),
(504,20,5,1,0),
(505,20,6,1,0),
(506,20,7,1,0),
(507,20,8,1,0),
(508,20,9,1,0),
(509,20,10,1,0),
(510,20,11,1,0),
(511,20,12,1,0),
(512,20,13,1,0),
(513,20,14,1,0),
(514,20,15,1,0),
(515,20,16,1,0),
(516,20,17,1,0),
(517,22,1,1,0),
(518,22,2,1,0),
(519,22,3,1,0),
(520,22,4,1,0),
(521,22,5,1,0),
(522,22,6,1,0),
(523,22,7,1,0),
(524,22,8,1,0),
(525,22,9,1,0),
(526,22,10,1,0),
(527,22,11,1,0),
(528,22,12,1,0),
(529,22,13,1,0),
(530,22,14,1,0),
(531,22,15,1,0),
(532,22,16,1,0),
(533,22,17,1,0),
(534,22,2,2,0),
(535,1,1,2,0),
(536,2,1,2,0),
(537,3,1,2,0),
(538,9,1,2,0),
(539,10,1,2,0),
(540,11,1,2,0),
(541,19,1,2,0),
(542,22,1,2,0),
(543,1,2,2,0),
(544,2,2,2,0),
(545,3,2,2,0),
(546,9,2,2,0),
(547,10,2,2,0),
(548,11,2,2,0),
(549,19,2,2,0),
(550,22,2,2,0),
(551,1,3,2,0),
(552,2,3,2,0),
(553,3,3,2,0),
(554,9,3,2,0),
(555,10,3,2,0),
(556,11,3,2,0),
(557,19,3,2,0),
(558,22,3,2,0),
(559,1,4,2,0),
(560,2,4,2,0),
(561,3,4,2,0),
(562,9,4,2,0),
(563,10,4,2,0),
(564,11,4,2,0),
(565,19,4,2,0),
(566,22,4,2,0),
(567,1,5,2,0),
(568,2,5,2,0),
(569,3,5,2,0),
(570,9,5,2,0),
(571,10,5,2,0),
(572,11,5,2,0),
(573,19,5,2,0),
(574,22,5,2,0),
(575,1,6,2,0),
(576,2,6,2,0),
(577,3,6,2,0),
(578,9,6,2,0),
(579,10,6,2,0),
(580,11,6,2,0),
(581,19,6,2,0),
(582,22,6,2,0),
(583,1,7,2,0),
(584,2,7,2,0),
(585,3,7,2,0),
(586,9,7,2,0),
(587,10,7,2,0),
(588,11,7,2,0),
(589,19,7,2,0),
(590,22,7,2,0),
(591,1,8,2,0),
(592,2,8,2,0),
(593,3,8,2,0),
(594,9,8,2,0),
(595,10,8,2,0),
(596,11,8,2,0),
(597,19,8,2,0),
(598,22,8,2,0),
(599,1,9,2,0),
(600,2,9,2,0),
(601,3,9,2,0),
(602,9,9,2,0),
(603,10,9,2,0),
(604,11,9,2,0),
(605,19,9,2,0),
(606,22,9,2,0),
(607,1,10,2,0),
(608,2,10,2,0),
(609,3,10,2,0),
(610,9,10,2,0),
(611,10,10,2,0),
(612,11,10,2,0),
(613,19,10,2,0),
(614,22,10,2,0),
(615,1,11,2,0),
(616,2,11,2,0),
(617,3,11,2,0),
(618,9,11,2,0),
(619,10,11,2,0),
(620,11,11,2,0),
(621,19,11,2,0),
(622,22,11,2,0),
(623,1,12,2,0),
(624,2,12,2,0),
(625,3,12,2,0),
(626,9,12,2,0),
(627,10,12,2,0),
(628,11,12,2,0),
(629,19,12,2,0),
(630,22,12,2,0),
(631,1,13,2,0),
(632,2,13,2,0),
(633,3,13,2,0),
(634,9,13,2,0),
(635,10,13,2,0),
(636,11,13,2,0),
(637,19,13,2,0),
(638,22,13,2,0),
(639,1,14,2,0),
(640,2,14,2,0),
(641,3,14,2,0),
(642,9,14,2,0),
(643,10,14,2,0),
(644,11,14,2,0),
(645,19,14,2,0),
(646,22,14,2,0),
(647,1,15,2,0),
(648,2,15,2,0),
(649,3,15,2,0),
(650,9,15,2,0),
(651,10,15,2,0),
(652,11,15,2,0),
(653,19,15,2,0),
(654,22,15,2,0),
(655,1,16,2,0),
(656,2,16,2,0),
(657,3,16,2,0),
(658,9,16,2,0),
(659,10,16,2,0),
(660,11,16,2,0),
(661,19,16,2,0),
(662,22,16,2,0),
(663,1,17,2,0),
(664,2,17,2,0),
(665,3,17,2,0),
(666,9,17,2,0),
(667,10,17,2,0),
(668,11,17,2,0),
(669,19,17,2,0),
(670,22,17,2,0),
(671,1,1,2,0),
(672,2,1,2,0),
(673,3,1,2,0),
(674,9,1,2,0),
(675,10,1,2,0),
(676,11,1,2,0),
(677,19,1,2,0),
(678,22,1,2,0),
(679,1,2,2,0),
(680,2,2,2,0),
(681,3,2,2,0),
(682,9,2,2,0),
(683,10,2,2,0),
(684,11,2,2,0),
(685,19,2,2,0),
(686,22,2,2,0),
(687,1,3,2,0),
(688,2,3,2,0),
(689,3,3,2,0),
(690,9,3,2,0),
(691,10,3,2,0),
(692,11,3,2,0),
(693,19,3,2,0),
(694,22,3,2,0),
(695,1,4,2,0),
(696,2,4,2,0),
(697,3,4,2,0),
(698,9,4,2,0),
(699,10,4,2,0),
(700,11,4,2,0),
(701,19,4,2,0),
(702,22,4,2,0),
(703,1,5,2,0),
(704,2,5,2,0),
(705,3,5,2,0),
(706,9,5,2,0),
(707,10,5,2,0),
(708,11,5,2,0),
(709,19,5,2,0),
(710,22,5,2,0),
(711,1,6,2,0),
(712,2,6,2,0),
(713,3,6,2,0),
(714,9,6,2,0),
(715,10,6,2,0),
(716,11,6,2,0),
(717,19,6,2,0),
(718,22,6,2,0),
(719,1,7,2,0),
(720,2,7,2,0),
(721,3,7,2,0),
(722,9,7,2,0),
(723,10,7,2,0),
(724,11,7,2,0),
(725,19,7,2,0),
(726,22,7,2,0),
(727,1,8,2,0),
(728,2,8,2,0),
(729,3,8,2,0),
(730,9,8,2,0),
(731,10,8,2,0),
(732,11,8,2,0),
(733,19,8,2,0),
(734,22,8,2,0),
(735,1,9,2,0),
(736,2,9,2,0),
(737,3,9,2,0),
(738,9,9,2,0),
(739,10,9,2,0),
(740,11,9,2,0),
(741,19,9,2,0),
(742,22,9,2,0),
(743,1,10,2,0),
(744,2,10,2,0),
(745,3,10,2,0),
(746,9,10,2,0),
(747,10,10,2,0),
(748,11,10,2,0),
(749,19,10,2,0),
(750,22,10,2,0),
(751,1,11,2,0),
(752,2,11,2,0),
(753,3,11,2,0),
(754,9,11,2,0),
(755,10,11,2,0),
(756,11,11,2,0),
(757,19,11,2,0),
(758,22,11,2,0),
(759,1,12,2,0),
(760,2,12,2,0),
(761,3,12,2,0),
(762,9,12,2,0),
(763,10,12,2,0),
(764,11,12,2,0),
(765,19,12,2,0),
(766,22,12,2,0),
(767,1,13,2,0),
(768,2,13,2,0),
(769,3,13,2,0),
(770,9,13,2,0),
(771,10,13,2,0),
(772,11,13,2,0),
(773,19,13,2,0),
(774,22,13,2,0),
(775,1,14,2,0),
(776,2,14,2,0),
(777,3,14,2,0),
(778,9,14,2,0),
(779,10,14,2,0),
(780,11,14,2,0),
(781,19,14,2,0),
(782,22,14,2,0),
(783,1,15,2,0),
(784,2,15,2,0),
(785,3,15,2,0),
(786,9,15,2,0),
(787,10,15,2,0),
(788,11,15,2,0),
(789,19,15,2,0),
(790,22,15,2,0),
(791,1,16,2,0),
(792,2,16,2,0),
(793,3,16,2,0),
(794,9,16,2,0),
(795,10,16,2,0),
(796,11,16,2,0),
(797,19,16,2,0),
(798,22,16,2,0),
(799,1,17,2,0),
(800,2,17,2,0),
(801,3,17,2,0),
(802,9,17,2,0),
(803,10,17,2,0),
(804,11,17,2,0),
(805,19,17,2,0),
(806,22,17,2,0),
(807,1,1,2,0),
(808,2,1,2,0),
(809,3,1,2,0),
(810,9,1,2,0),
(811,10,1,2,0),
(812,11,1,2,0),
(813,19,1,2,0),
(814,22,1,2,0),
(815,1,2,2,0),
(816,2,2,2,0),
(817,3,2,2,0),
(818,9,2,2,0),
(819,10,2,2,0),
(820,11,2,2,0),
(821,19,2,2,0),
(822,22,2,2,0),
(823,1,3,2,0),
(824,2,3,2,0),
(825,3,3,2,0),
(826,9,3,2,0),
(827,10,3,2,0),
(828,11,3,2,0),
(829,19,3,2,0),
(830,22,3,2,0),
(831,1,4,2,0),
(832,2,4,2,0),
(833,3,4,2,0),
(834,9,4,2,0),
(835,10,4,2,0),
(836,11,4,2,0),
(837,19,4,2,0),
(838,22,4,2,0),
(839,1,5,2,0),
(840,2,5,2,0),
(841,3,5,2,0),
(842,9,5,2,0),
(843,10,5,2,0),
(844,11,5,2,0),
(845,19,5,2,0),
(846,22,5,2,0),
(847,1,6,2,0),
(848,2,6,2,0),
(849,3,6,2,0),
(850,9,6,2,0),
(851,10,6,2,0),
(852,11,6,2,0),
(853,19,6,2,0),
(854,22,6,2,0),
(855,1,7,2,0),
(856,2,7,2,0),
(857,3,7,2,0),
(858,9,7,2,0),
(859,10,7,2,0),
(860,11,7,2,0),
(861,19,7,2,0),
(862,22,7,2,0),
(863,1,8,2,0),
(864,2,8,2,0),
(865,3,8,2,0),
(866,9,8,2,0),
(867,10,8,2,0),
(868,11,8,2,0),
(869,19,8,2,0),
(870,22,8,2,0),
(871,1,9,2,0),
(872,2,9,2,0),
(873,3,9,2,0),
(874,9,9,2,0),
(875,10,9,2,0),
(876,11,9,2,0),
(877,19,9,2,0),
(878,22,9,2,0),
(879,1,10,2,0),
(880,2,10,2,0),
(881,3,10,2,0),
(882,9,10,2,0),
(883,10,10,2,0),
(884,11,10,2,0),
(885,19,10,2,0),
(886,22,10,2,0),
(887,1,11,2,0),
(888,2,11,2,0),
(889,3,11,2,0),
(890,9,11,2,0),
(891,10,11,2,0),
(892,11,11,2,0),
(893,19,11,2,0),
(894,22,11,2,0),
(895,1,12,2,0),
(896,2,12,2,0),
(897,3,12,2,0),
(898,9,12,2,0),
(899,10,12,2,0),
(900,11,12,2,0),
(901,19,12,2,0),
(902,22,12,2,0),
(903,1,13,2,0),
(904,2,13,2,0),
(905,3,13,2,0),
(906,9,13,2,0),
(907,10,13,2,0),
(908,11,13,2,0),
(909,19,13,2,0),
(910,22,13,2,0),
(911,1,14,2,0),
(912,2,14,2,0),
(913,3,14,2,0),
(914,9,14,2,0),
(915,10,14,2,0),
(916,11,14,2,0),
(917,19,14,2,0),
(918,22,14,2,0),
(919,1,15,2,0),
(920,2,15,2,0),
(921,3,15,2,0),
(922,9,15,2,0),
(923,10,15,2,0),
(924,11,15,2,0),
(925,19,15,2,0),
(926,22,15,2,0),
(927,1,16,2,0),
(928,2,16,2,0),
(929,3,16,2,0),
(930,9,16,2,0),
(931,10,16,2,0),
(932,11,16,2,0),
(933,19,16,2,0),
(934,22,16,2,0),
(935,1,17,2,0),
(936,2,17,2,0),
(937,3,17,2,0),
(938,9,17,2,0),
(939,10,17,2,0),
(940,11,17,2,0),
(941,19,17,2,0),
(942,22,17,2,0),
(943,1,1,3,0),
(944,2,1,3,0),
(945,3,1,3,0),
(946,9,1,3,0),
(947,10,1,3,0),
(948,11,1,3,0),
(949,19,1,3,0),
(950,22,1,3,0),
(951,1,2,3,0),
(952,2,2,3,0),
(953,3,2,3,0),
(954,9,2,3,0),
(955,10,2,3,0),
(956,11,2,3,0),
(957,19,2,3,0),
(958,22,2,3,0),
(959,1,3,3,0),
(960,2,3,3,0),
(961,3,3,3,0),
(962,9,3,3,0),
(963,10,3,3,0),
(964,11,3,3,0),
(965,19,3,3,0),
(966,22,3,3,0),
(967,1,4,3,0),
(968,2,4,3,0),
(969,3,4,3,0),
(970,9,4,3,0),
(971,10,4,3,0),
(972,11,4,3,0),
(973,19,4,3,0),
(974,22,4,3,0),
(975,1,5,3,0),
(976,2,5,3,0),
(977,3,5,3,0),
(978,9,5,3,0),
(979,10,5,3,0),
(980,11,5,3,0),
(981,19,5,3,0),
(982,22,5,3,0),
(983,1,6,3,0),
(984,2,6,3,0),
(985,3,6,3,0),
(986,9,6,3,0),
(987,10,6,3,0),
(988,11,6,3,0),
(989,19,6,3,0),
(990,22,6,3,0),
(991,1,7,3,0),
(992,2,7,3,0),
(993,3,7,3,0),
(994,9,7,3,0),
(995,10,7,3,0),
(996,11,7,3,0),
(997,19,7,3,0),
(998,22,7,3,0),
(999,1,8,3,0),
(1000,2,8,3,0),
(1001,3,8,3,0),
(1002,9,8,3,0),
(1003,10,8,3,0),
(1004,11,8,3,0),
(1005,19,8,3,0),
(1006,22,8,3,0),
(1007,1,9,3,0),
(1008,2,9,3,0),
(1009,3,9,3,0),
(1010,9,9,3,0),
(1011,10,9,3,0),
(1012,11,9,3,0),
(1013,19,9,3,0),
(1014,22,9,3,0),
(1015,1,10,3,0),
(1016,2,10,3,0),
(1017,3,10,3,0),
(1018,9,10,3,0),
(1019,10,10,3,0),
(1020,11,10,3,0),
(1021,19,10,3,0),
(1022,22,10,3,0),
(1023,1,11,3,0),
(1024,2,11,3,0),
(1025,3,11,3,0),
(1026,9,11,3,0),
(1027,10,11,3,0),
(1028,11,11,3,0),
(1029,19,11,3,0),
(1030,22,11,3,0),
(1031,1,12,3,0),
(1032,2,12,3,0),
(1033,3,12,3,0),
(1034,9,12,3,0),
(1035,10,12,3,0),
(1036,11,12,3,0),
(1037,19,12,3,0),
(1038,22,12,3,0),
(1039,1,13,3,0),
(1040,2,13,3,0),
(1041,3,13,3,0),
(1042,9,13,3,0),
(1043,10,13,3,0),
(1044,11,13,3,0),
(1045,19,13,3,0),
(1046,22,13,3,0),
(1047,1,14,3,0),
(1048,2,14,3,0),
(1049,3,14,3,0),
(1050,9,14,3,0),
(1051,10,14,3,0),
(1052,11,14,3,0),
(1053,19,14,3,0),
(1054,22,14,3,0),
(1055,1,15,3,0),
(1056,2,15,3,0),
(1057,3,15,3,0),
(1058,9,15,3,0),
(1059,10,15,3,0),
(1060,11,15,3,0),
(1061,19,15,3,0),
(1062,22,15,3,0),
(1063,1,16,3,0),
(1064,2,16,3,0),
(1065,3,16,3,0),
(1066,9,16,3,0),
(1067,10,16,3,0),
(1068,11,16,3,0),
(1069,19,16,3,0),
(1070,22,16,3,0),
(1071,1,17,3,0),
(1072,2,17,3,0),
(1073,3,17,3,0),
(1074,9,17,3,0),
(1075,10,17,3,0),
(1076,11,17,3,0),
(1077,19,17,3,0),
(1078,22,17,3,0),
(1079,1,1,3,0),
(1080,2,1,3,0),
(1081,3,1,3,0),
(1082,9,1,3,0),
(1083,10,1,3,0),
(1084,11,1,3,0),
(1085,19,1,3,0),
(1086,22,1,3,0),
(1087,1,2,3,0),
(1088,2,2,3,0),
(1089,3,2,3,0),
(1090,9,2,3,0),
(1091,10,2,3,0),
(1092,11,2,3,0),
(1093,19,2,3,0),
(1094,22,2,3,0),
(1095,1,3,3,0),
(1096,2,3,3,0),
(1097,3,3,3,0),
(1098,9,3,3,0),
(1099,10,3,3,0),
(1100,11,3,3,0),
(1101,19,3,3,0),
(1102,22,3,3,0),
(1103,1,4,3,0),
(1104,2,4,3,0),
(1105,3,4,3,0),
(1106,9,4,3,0),
(1107,10,4,3,0),
(1108,11,4,3,0),
(1109,19,4,3,0),
(1110,22,4,3,0),
(1111,1,5,3,0),
(1112,2,5,3,0),
(1113,3,5,3,0),
(1114,9,5,3,0),
(1115,10,5,3,0),
(1116,11,5,3,0),
(1117,19,5,3,0),
(1118,22,5,3,0),
(1119,1,6,3,0),
(1120,2,6,3,0),
(1121,3,6,3,0),
(1122,9,6,3,0),
(1123,10,6,3,0),
(1124,11,6,3,0),
(1125,19,6,3,0),
(1126,22,6,3,0),
(1127,1,7,3,0),
(1128,2,7,3,0),
(1129,3,7,3,0),
(1130,9,7,3,0),
(1131,10,7,3,0),
(1132,11,7,3,0),
(1133,19,7,3,0),
(1134,22,7,3,0),
(1135,1,8,3,0),
(1136,2,8,3,0),
(1137,3,8,3,0),
(1138,9,8,3,0),
(1139,10,8,3,0),
(1140,11,8,3,0),
(1141,19,8,3,0),
(1142,22,8,3,0),
(1143,1,9,3,0),
(1144,2,9,3,0),
(1145,3,9,3,0),
(1146,9,9,3,0),
(1147,10,9,3,0),
(1148,11,9,3,0),
(1149,19,9,3,0),
(1150,22,9,3,0),
(1151,1,10,3,0),
(1152,2,10,3,0),
(1153,3,10,3,0),
(1154,9,10,3,0),
(1155,10,10,3,0),
(1156,11,10,3,0),
(1157,19,10,3,0),
(1158,22,10,3,0),
(1159,1,11,3,0),
(1160,2,11,3,0),
(1161,3,11,3,0),
(1162,9,11,3,0),
(1163,10,11,3,0),
(1164,11,11,3,0),
(1165,19,11,3,0),
(1166,22,11,3,0),
(1167,1,12,3,0),
(1168,2,12,3,0),
(1169,3,12,3,0),
(1170,9,12,3,0),
(1171,10,12,3,0),
(1172,11,12,3,0),
(1173,19,12,3,0),
(1174,22,12,3,0),
(1175,1,13,3,0),
(1176,2,13,3,0),
(1177,3,13,3,0),
(1178,9,13,3,0),
(1179,10,13,3,0),
(1180,11,13,3,0),
(1181,19,13,3,0),
(1182,22,13,3,0),
(1183,1,14,3,0),
(1184,2,14,3,0),
(1185,3,14,3,0),
(1186,9,14,3,0),
(1187,10,14,3,0),
(1188,11,14,3,0),
(1189,19,14,3,0),
(1190,22,14,3,0),
(1191,1,15,3,0),
(1192,2,15,3,0),
(1193,3,15,3,0),
(1194,9,15,3,0),
(1195,10,15,3,0),
(1196,11,15,3,0),
(1197,19,15,3,0),
(1198,22,15,3,0),
(1199,1,16,3,0),
(1200,2,16,3,0),
(1201,3,16,3,0),
(1202,9,16,3,0),
(1203,10,16,3,0),
(1204,11,16,3,0),
(1205,19,16,3,0),
(1206,22,16,3,0),
(1207,1,17,3,0),
(1208,2,17,3,0),
(1209,3,17,3,0),
(1210,9,17,3,0),
(1211,10,17,3,0),
(1212,11,17,3,0),
(1213,19,17,3,0),
(1214,22,17,3,0),
(1215,1,1,3,0),
(1216,2,1,3,0),
(1217,3,1,3,0),
(1218,9,1,3,0),
(1219,10,1,3,0),
(1220,11,1,3,0),
(1221,19,1,3,0),
(1222,22,1,3,0),
(1223,1,2,3,0),
(1224,2,2,3,0),
(1225,3,2,3,0),
(1226,9,2,3,0),
(1227,10,2,3,0),
(1228,11,2,3,0),
(1229,19,2,3,0),
(1230,22,2,3,0),
(1231,1,3,3,0),
(1232,2,3,3,0),
(1233,3,3,3,0),
(1234,9,3,3,0),
(1235,10,3,3,0),
(1236,11,3,3,0),
(1237,19,3,3,0),
(1238,22,3,3,0),
(1239,1,4,3,0),
(1240,2,4,3,0),
(1241,3,4,3,0),
(1242,9,4,3,0),
(1243,10,4,3,0),
(1244,11,4,3,0),
(1245,19,4,3,0),
(1246,22,4,3,0),
(1247,1,5,3,0),
(1248,2,5,3,0),
(1249,3,5,3,0),
(1250,9,5,3,0),
(1251,10,5,3,0),
(1252,11,5,3,0),
(1253,19,5,3,0),
(1254,22,5,3,0),
(1255,1,6,3,0),
(1256,2,6,3,0),
(1257,3,6,3,0),
(1258,9,6,3,0),
(1259,10,6,3,0),
(1260,11,6,3,0),
(1261,19,6,3,0),
(1262,22,6,3,0),
(1263,1,7,3,0),
(1264,2,7,3,0),
(1265,3,7,3,0),
(1266,9,7,3,0),
(1267,10,7,3,0),
(1268,11,7,3,0),
(1269,19,7,3,0),
(1270,22,7,3,0),
(1271,1,8,3,0),
(1272,2,8,3,0),
(1273,3,8,3,0),
(1274,9,8,3,0),
(1275,10,8,3,0),
(1276,11,8,3,0),
(1277,19,8,3,0),
(1278,22,8,3,0),
(1279,1,9,3,0),
(1280,2,9,3,0),
(1281,3,9,3,0),
(1282,9,9,3,0),
(1283,10,9,3,0),
(1284,11,9,3,0),
(1285,19,9,3,0),
(1286,22,9,3,0),
(1287,1,10,3,0),
(1288,2,10,3,0),
(1289,3,10,3,0),
(1290,9,10,3,0),
(1291,10,10,3,0),
(1292,11,10,3,0),
(1293,19,10,3,0),
(1294,22,10,3,0),
(1295,1,11,3,0),
(1296,2,11,3,0),
(1297,3,11,3,0),
(1298,9,11,3,0),
(1299,10,11,3,0),
(1300,11,11,3,0),
(1301,19,11,3,0),
(1302,22,11,3,0),
(1303,1,12,3,0),
(1304,2,12,3,0),
(1305,3,12,3,0),
(1306,9,12,3,0),
(1307,10,12,3,0),
(1308,11,12,3,0),
(1309,19,12,3,0),
(1310,22,12,3,0),
(1311,1,13,3,0),
(1312,2,13,3,0),
(1313,3,13,3,0),
(1314,9,13,3,0),
(1315,10,13,3,0),
(1316,11,13,3,0),
(1317,19,13,3,0),
(1318,22,13,3,0),
(1319,1,14,3,0),
(1320,2,14,3,0),
(1321,3,14,3,0),
(1322,9,14,3,0),
(1323,10,14,3,0),
(1324,11,14,3,0),
(1325,19,14,3,0),
(1326,22,14,3,0),
(1327,1,15,3,0),
(1328,2,15,3,0),
(1329,3,15,3,0),
(1330,9,15,3,0),
(1331,10,15,3,0),
(1332,11,15,3,0),
(1333,19,15,3,0),
(1334,22,15,3,0),
(1335,1,16,3,0),
(1336,2,16,3,0),
(1337,3,16,3,0),
(1338,9,16,3,0),
(1339,10,16,3,0),
(1340,11,16,3,0),
(1341,19,16,3,0),
(1342,22,16,3,0),
(1343,1,17,3,0),
(1344,2,17,3,0),
(1345,3,17,3,0),
(1346,9,17,3,0),
(1347,10,17,3,0),
(1348,11,17,3,0),
(1349,19,17,3,0),
(1350,22,17,3,0),
(1351,1,1,3,0),
(1352,2,1,3,0),
(1353,3,1,3,0),
(1354,9,1,3,0),
(1355,10,1,3,0),
(1356,11,1,3,0),
(1357,19,1,3,0),
(1358,22,1,3,0),
(1359,1,2,3,0),
(1360,2,2,3,0),
(1361,3,2,3,0),
(1362,9,2,3,0),
(1363,10,2,3,0),
(1364,11,2,3,0),
(1365,19,2,3,0),
(1366,22,2,3,0),
(1367,1,3,3,0),
(1368,2,3,3,0),
(1369,3,3,3,0),
(1370,9,3,3,0),
(1371,10,3,3,0),
(1372,11,3,3,0),
(1373,19,3,3,0),
(1374,22,3,3,0),
(1375,1,4,3,0),
(1376,2,4,3,0),
(1377,3,4,3,0),
(1378,9,4,3,0),
(1379,10,4,3,0),
(1380,11,4,3,0),
(1381,19,4,3,0),
(1382,22,4,3,0),
(1383,1,5,3,0),
(1384,2,5,3,0),
(1385,3,5,3,0),
(1386,9,5,3,0),
(1387,10,5,3,0),
(1388,11,5,3,0),
(1389,19,5,3,0),
(1390,22,5,3,0),
(1391,1,6,3,0),
(1392,2,6,3,0),
(1393,3,6,3,0),
(1394,9,6,3,0),
(1395,10,6,3,0),
(1396,11,6,3,0),
(1397,19,6,3,0),
(1398,22,6,3,0),
(1399,1,7,3,0),
(1400,2,7,3,0),
(1401,3,7,3,0),
(1402,9,7,3,0),
(1403,10,7,3,0),
(1404,11,7,3,0),
(1405,19,7,3,0),
(1406,22,7,3,0),
(1407,1,8,3,0),
(1408,2,8,3,0),
(1409,3,8,3,0),
(1410,9,8,3,0),
(1411,10,8,3,0),
(1412,11,8,3,0),
(1413,19,8,3,0),
(1414,22,8,3,0),
(1415,1,9,3,0),
(1416,2,9,3,0),
(1417,3,9,3,0),
(1418,9,9,3,0),
(1419,10,9,3,0),
(1420,11,9,3,0),
(1421,19,9,3,0),
(1422,22,9,3,0),
(1423,1,10,3,0),
(1424,2,10,3,0),
(1425,3,10,3,0),
(1426,9,10,3,0),
(1427,10,10,3,0),
(1428,11,10,3,0),
(1429,19,10,3,0),
(1430,22,10,3,0),
(1431,1,11,3,0),
(1432,2,11,3,0),
(1433,3,11,3,0),
(1434,9,11,3,0),
(1435,10,11,3,0),
(1436,11,11,3,0),
(1437,19,11,3,0),
(1438,22,11,3,0),
(1439,1,12,3,0),
(1440,2,12,3,0),
(1441,3,12,3,0),
(1442,9,12,3,0),
(1443,10,12,3,0),
(1444,11,12,3,0),
(1445,19,12,3,0),
(1446,22,12,3,0),
(1447,1,13,3,0),
(1448,2,13,3,0),
(1449,3,13,3,0),
(1450,9,13,3,0),
(1451,10,13,3,0),
(1452,11,13,3,0),
(1453,19,13,3,0),
(1454,22,13,3,0),
(1455,1,14,3,0),
(1456,2,14,3,0),
(1457,3,14,3,0),
(1458,9,14,3,0),
(1459,10,14,3,0),
(1460,11,14,3,0),
(1461,19,14,3,0),
(1462,22,14,3,0),
(1463,1,15,3,0),
(1464,2,15,3,0),
(1465,3,15,3,0),
(1466,9,15,3,0),
(1467,10,15,3,0),
(1468,11,15,3,0),
(1469,19,15,3,0),
(1470,22,15,3,0),
(1471,1,16,3,0),
(1472,2,16,3,0),
(1473,3,16,3,0),
(1474,9,16,3,0),
(1475,10,16,3,0),
(1476,11,16,3,0),
(1477,19,16,3,0),
(1478,22,16,3,0),
(1479,1,17,3,0),
(1480,2,17,3,0),
(1481,3,17,3,0),
(1482,9,17,3,0),
(1483,10,17,3,0),
(1484,11,17,3,0),
(1485,19,17,3,0),
(1486,22,17,3,0),
(1487,1,3,3,0),
(1488,2,3,3,0),
(1489,3,3,3,0),
(1490,9,3,3,0),
(1491,10,3,3,0),
(1492,11,3,3,0),
(1493,19,3,3,0),
(1494,22,3,3,0),
(1495,1,4,3,0),
(1496,2,4,3,0),
(1497,3,4,3,0),
(1498,9,4,3,0),
(1499,10,4,3,0),
(1500,11,4,3,0),
(1501,19,4,3,0),
(1502,22,4,3,0);

/*Table structure for table `keuangan_jenis_bayar` */

DROP TABLE IF EXISTS `keuangan_jenis_bayar`;

CREATE TABLE `keuangan_jenis_bayar` (
  `jenis_bayar_id` int(11) NOT NULL AUTO_INCREMENT,
  `keterangan` varchar(50) NOT NULL,
  PRIMARY KEY (`jenis_bayar_id`)
) ENGINE=InnoDB AUTO_INCREMENT=23 DEFAULT CHARSET=latin1;

/*Data for the table `keuangan_jenis_bayar` */

insert  into `keuangan_jenis_bayar`(`jenis_bayar_id`,`keterangan`) values 
(1,'pendaftaran'),
(2,'peka'),
(3,'spp'),
(9,'dsp'),
(10,'kemahasiswaan'),
(11,'asuransi'),
(19,'wisuda'),
(22,'xzxzxdsd');

/*Table structure for table `keuangan_pembayaran` */

DROP TABLE IF EXISTS `keuangan_pembayaran`;

CREATE TABLE `keuangan_pembayaran` (
  `pembayaran_id` int(11) NOT NULL AUTO_INCREMENT,
  `mahasiswa_id` int(11) NOT NULL,
  `semester` int(11) NOT NULL,
  `no_bayar` varchar(10) NOT NULL,
  PRIMARY KEY (`pembayaran_id`)
) ENGINE=InnoDB DEFAULT CHARSET=latin1;

/*Data for the table `keuangan_pembayaran` */

/*Table structure for table `keuangan_pembayaran_detail` */

DROP TABLE IF EXISTS `keuangan_pembayaran_detail`;

CREATE TABLE `keuangan_pembayaran_detail` (
  `pembayara_detail_id` int(11) NOT NULL AUTO_INCREMENT,
  `tanggal` datetime NOT NULL,
  `nim` varchar(11) NOT NULL,
  `jenis_bayar_id` int(11) NOT NULL,
  `id_users` int(11) NOT NULL,
  `jumlah` int(11) NOT NULL,
  `semester` int(11) NOT NULL,
  PRIMARY KEY (`pembayara_detail_id`)
) ENGINE=InnoDB AUTO_INCREMENT=20 DEFAULT CHARSET=latin1;

/*Data for the table `keuangan_pembayaran_detail` */

insert  into `keuangan_pembayaran_detail`(`pembayara_detail_id`,`tanggal`,`nim`,`jenis_bayar_id`,`id_users`,`jumlah`,`semester`) values 
(13,'2014-06-04 14:03:51','TI102134',1,1,400000,0),
(14,'2014-06-04 14:07:16','TI102134',3,1,3400000,1),
(15,'2014-06-04 14:07:37','TI102134',3,1,3400000,2),
(16,'2014-06-04 14:07:49','TI102134',2,1,150000,0),
(17,'2014-06-14 10:09:00','KA131002',3,1,3400000,1),
(18,'2014-06-14 10:09:37','KA131002',3,1,3400000,2),
(19,'2014-06-14 14:57:34','ti102134',10,1,100000,0);

/*Table structure for table `keuangan_transaksi` */

DROP TABLE IF EXISTS `keuangan_transaksi`;

CREATE TABLE `keuangan_transaksi` (
  `transaksi_id` int(11) NOT NULL,
  `tanggal` datetime NOT NULL,
  `nim` varchar(8) NOT NULL,
  `biaya_kuliah_id` int(11) NOT NULL,
  `jumlah` int(11) NOT NULL,
  `keterangan` text NOT NULL,
  `added_by` int(11) NOT NULL,
  `semester` int(11) NOT NULL,
  `status` int(11) NOT NULL COMMENT 'L=lunas ,1= cicilan ke 1 ,2=cicilan ke 2, 3=cicilan ke 3'
) ENGINE=InnoDB DEFAULT CHARSET=latin1;

/*Data for the table `keuangan_transaksi` */

/*Table structure for table `mainmenu` */

DROP TABLE IF EXISTS `mainmenu`;

CREATE TABLE `mainmenu` (
  `id_mainmenu` int(11) NOT NULL AUTO_INCREMENT,
  `nama_mainmenu` varchar(100) NOT NULL,
  `icon` varchar(30) NOT NULL,
  `aktif` enum('y','t') NOT NULL,
  `link` varchar(50) NOT NULL,
  `level` int(11) NOT NULL COMMENT '1= admin,2=jurusan,3 dosen',
  PRIMARY KEY (`id_mainmenu`)
) ENGINE=InnoDB AUTO_INCREMENT=45 DEFAULT CHARSET=latin1;

/*Data for the table `mainmenu` */

insert  into `mainmenu`(`id_mainmenu`,`nama_mainmenu`,`icon`,`aktif`,`link`,`level`) values 
(26,'master data','fa fa-bar-chart-o','y','#',1),
(27,'mahassiwa','fa fa-bar-chart-o','y','mahasiswa',1),
(28,'akademik','fa fa-bank','y','#',1),
(29,'keuangan','gi gi-money','t','#',1),
(30,'pengguna sistem','fa fa-bar-chart-o','y','users',1),
(31,'Mahasiswa','fa fa-bar-chart-o','y','mahasiswa',2),
(32,'dosen','fa fa-bar-chart-o','y','dosen',2),
(33,'matakuliah','fa fa-bar-chart-o','y','matakuliah',2),
(34,'registrasi','fa fa-bar-chart-o','y','registrasi',2),
(35,'krs & khs','fa fa-bar-chart-o','y','#',2),
(36,'jadwal kuliah','fa fa-bar-chart-o','y','jadwalkuliah',2),
(37,'jadwal','fa fa-bar-chart-o','y','jadwalkuliah/jadwalngajar',3),
(38,'absen mahasiswa','fa fa-bar-chart-o','y','absensi',3),
(39,'nilai','fa fa-bar-chart-o','y','khs/berinilai',3),
(40,'biodata','fa fa-bar-chart-o','y','users/account',3),
(41,'Kartu Rencana Studi','','y','krs_baru',4),
(42,'upload bukti pembayaran','','y','krs_baru/bukti_pembayaran',4),
(43,'Dosen PA','fa fa-bar-chart-o','y','krs_baru/dosen_pa',2),
(44,'PEMBAYARAN KULIAH','fa fa-bar-chart-o','y','krs_baru/lihat_pembayaran',2);

/*Table structure for table `makul_kelompok` */

DROP TABLE IF EXISTS `makul_kelompok`;

CREATE TABLE `makul_kelompok` (
  `kelompok_id` int(11) NOT NULL AUTO_INCREMENT,
  `kode_kelompok` varchar(5) NOT NULL,
  `nama` varchar(50) NOT NULL,
  PRIMARY KEY (`kelompok_id`)
) ENGINE=InnoDB AUTO_INCREMENT=6 DEFAULT CHARSET=latin1;

/*Data for the table `makul_kelompok` */

insert  into `makul_kelompok`(`kelompok_id`,`kode_kelompok`,`nama`) values 
(1,'mpk','mata kuliah pengembangan keperibadian'),
(2,'mkk','mata kuliah pengembangan keilmuan dan keterampilan'),
(3,'mkb','mata kuliah keahlian berkarya'),
(4,'mpb','mata kuliah perilaku berkarya'),
(5,'mbb','matakuliah berkehidupan bermasyarakat');

/*Table structure for table `makul_matakuliah` */

DROP TABLE IF EXISTS `makul_matakuliah`;

CREATE TABLE `makul_matakuliah` (
  `makul_id` int(11) NOT NULL AUTO_INCREMENT,
  `kode_makul` varchar(11) NOT NULL,
  `nama_makul` varchar(60) NOT NULL,
  `sks` int(11) NOT NULL,
  `semester` int(1) NOT NULL,
  `konsentrasi_id` int(3) NOT NULL,
  `kelompok_id` int(1) NOT NULL,
  `aktif` enum('y','n') NOT NULL,
  `jam` int(11) NOT NULL,
  PRIMARY KEY (`makul_id`)
) ENGINE=InnoDB AUTO_INCREMENT=51 DEFAULT CHARSET=latin1;

/*Data for the table `makul_matakuliah` */

insert  into `makul_matakuliah`(`makul_id`,`kode_makul`,`nama_makul`,`sks`,`semester`,`konsentrasi_id`,`kelompok_id`,`aktif`,`jam`) values 
(1,'DTIKB01','STRUKTUR DATA',4,1,3,2,'n',4),
(2,'DTIKB011','KONSEP PEMROGRAMAN',4,1,3,2,'y',4),
(3,'DTIKB012','PRAKTEK KONSEP PEMROGRAMAN',4,1,3,2,'y',4),
(4,'DTIKB02','SISTEM OPERASI 1',4,1,3,2,'y',4),
(5,'DTIKB03','SISTEM OPERASI 2',4,1,3,2,'y',4),
(6,'DTIKB04','PEMROGRAMAN DELPHI',4,1,3,2,'y',4),
(7,'DTIKB05','JARINGAN KOMPUTER 1',4,2,3,2,'y',4),
(8,'DTIKB06','APLIKASI DAN TEKNOLOGI WEB',4,2,3,2,'y',4),
(9,'DTIKB07','KOMUNIKASI DATA',4,2,3,2,'y',4),
(10,'DTIKB08','DESAIN BERBASIS KOMPUTER',4,2,3,2,'y',4),
(11,'DTIKB09','MIKROPROSESOR',4,2,3,2,'y',4),
(12,'DTIKB10','INTERFACING PERIPHERAL KOMPUTER',4,2,3,2,'y',4),
(13,'DTIKB11','ARSITEKTUR KOMPUTER 1',4,3,3,2,'y',4),
(14,'DTIKB12','ARSITEKTUR KOMPUTER 2',4,3,3,2,'y',4),
(15,'DTIKB13','PERALATAN ELEKTRONIKA',4,3,3,2,'y',4),
(16,'DTIKB14','TROUBLESHOOTING',4,3,3,2,'y',4),
(17,'DTIKB15','PEMROGRAMAN BASIS DATA',4,3,3,2,'y',4),
(18,'DTIKB16','SISTEM INFORMASI MANAJEMEN',4,3,3,2,'y',4),
(19,'DTIKB17','PERANCANGAN SISTEM INFORMASI',4,4,3,2,'y',4),
(20,'DTIKB18','PENGOLAHAN CITRA DIGITAL',4,4,3,2,'y',4),
(21,'DTIKB19','RANGKAIAN DIGITAL',4,4,3,2,'y',4),
(22,'DTIKB20','PEMROGRAMAN BAHASA C++',4,4,3,2,'y',4),
(23,'DTIKB21','PEMROGRAMAN VISUAL',4,4,3,2,'y',4),
(24,'DTIKB22','KOMPUTER GRAFIS',4,4,3,2,'y',4),
(25,'DTIKB23','WIRELESS & MOBILE COMM',4,5,3,2,'y',4),
(26,'DTIKB24','REKAYASA PERANGKAT LUNAK',4,5,3,2,'y',4),
(27,'DTIKB25','SISTEM KEAMANAN JARINGAN',4,5,3,2,'y',4),
(28,'DTIKB26','PEMROGRAMAN BERBASIS OBJEK',4,5,3,2,'y',4),
(29,'DTIKB27','ROBOTIK',4,5,3,2,'y',4),
(30,'DTIKB28','SISTEM MULTIMEDIA',4,5,3,2,'y',4),
(31,'DTIKB29','KOMPUTER ANIMASI',4,6,3,2,'y',4),
(32,'DTIKB30','SIMULASI & PEMODELAN',4,6,3,2,'y',4),
(33,'DTIKB31','PENGOLAHAN SINYAL DIGITAL',4,6,3,2,'y',4),
(34,'DTIKB32','KECERDASAN BUATAN',4,6,3,2,'y',4),
(35,'DTIKB33','DATA WAREHOUSE',4,6,3,2,'y',4),
(36,'DTIKB34','JARINGAN KOMPUTER 2',4,6,3,2,'y',4),
(37,'DTIKB35','PRAKTEK BASIS DATA',4,7,3,2,'y',4),
(38,'DTIKB36','PRAKTEK JARINGAN',4,7,3,2,'y',4),
(39,'DTIKB37','PRAKTEK PEMOGRAMAN',4,7,3,2,'y',4),
(40,'DTIKB38','PRAKTEK PEMOGRAMAN WEB',4,7,3,2,'y',4),
(41,'DTIKB39','DATA MINING',4,7,3,2,'y',4),
(42,'DTIKB40','MACHINE LEARNING',4,7,3,2,'y',4),
(43,'DTIKB41','KEAMANAN DATA',4,8,3,2,'y',4),
(44,'DTIKB42','PRAKTEK KEAMANAN DATA',4,8,3,2,'y',4),
(45,'DTIKB43','ISSU PROFESIONAL DAN SOSIAL IT',4,8,3,2,'y',4),
(46,'DTIKK01','MATEMATIKA 1',4,8,3,2,'y',4),
(47,'DTIKK02','MATEMATIKA 2',4,8,3,2,'y',4),
(48,'DTIKK03','STATISTIK & PROBABILITAS',4,8,3,2,'y',4),
(49,'DTIKK04','PERANGKAT LUNAK APLIKASI',4,9,3,2,'y',4);

/*Table structure for table `outbox` */

DROP TABLE IF EXISTS `outbox`;

CREATE TABLE `outbox` (
  `UpdatedInDB` timestamp NOT NULL DEFAULT CURRENT_TIMESTAMP ON UPDATE CURRENT_TIMESTAMP,
  `InsertIntoDB` timestamp NOT NULL DEFAULT '0000-00-00 00:00:00',
  `SendingDateTime` timestamp NOT NULL DEFAULT '0000-00-00 00:00:00',
  `Text` text,
  `DestinationNumber` varchar(20) NOT NULL DEFAULT '',
  `Coding` enum('Default_No_Compression','Unicode_No_Compression','8bit','Default_Compression','Unicode_Compression') NOT NULL DEFAULT 'Default_No_Compression',
  `UDH` text,
  `Class` int(11) DEFAULT '-1',
  `TextDecoded` text NOT NULL,
  `ID` int(10) unsigned NOT NULL AUTO_INCREMENT,
  `MultiPart` enum('false','true') DEFAULT 'false',
  `RelativeValidity` int(11) DEFAULT '-1',
  `SenderID` varchar(255) DEFAULT NULL,
  `SendingTimeOut` timestamp NULL DEFAULT '0000-00-00 00:00:00',
  `DeliveryReport` enum('default','yes','no') DEFAULT 'default',
  `CreatorID` text NOT NULL,
  PRIMARY KEY (`ID`),
  KEY `outbox_date` (`SendingDateTime`,`SendingTimeOut`),
  KEY `outbox_sender` (`SenderID`)
) ENGINE=MyISAM AUTO_INCREMENT=51 DEFAULT CHARSET=utf8;

/*Data for the table `outbox` */

insert  into `outbox`(`UpdatedInDB`,`InsertIntoDB`,`SendingDateTime`,`Text`,`DestinationNumber`,`Coding`,`UDH`,`Class`,`TextDecoded`,`ID`,`MultiPart`,`RelativeValidity`,`SenderID`,`SendingTimeOut`,`DeliveryReport`,`CreatorID`) values 
('2014-05-12 16:23:21','0000-00-00 00:00:00','0000-00-00 00:00:00',NULL,'082121473036','Default_No_Compression',NULL,-1,'Biaya Tunggakan Keuangan anak anda adalah 3500000',46,'false',-1,'keuangan','0000-00-00 00:00:00','default','Nuris'),
('2014-05-12 16:23:21','0000-00-00 00:00:00','0000-00-00 00:00:00',NULL,'082121473036','Default_No_Compression',NULL,-1,'Biaya Tunggakan Keuangan anak anda adalah 3500000',45,'false',-1,'keuangan','0000-00-00 00:00:00','default','Nuris'),
('2014-05-12 16:23:17','0000-00-00 00:00:00','0000-00-00 00:00:00',NULL,'082121473036','Default_No_Compression',NULL,-1,'Biaya Tunggakan Keuangan anak anda adalah 3500000',44,'false',-1,'keuangan','0000-00-00 00:00:00','default','Nuris'),
('2014-05-12 16:23:02','0000-00-00 00:00:00','0000-00-00 00:00:00',NULL,'082121473036','Default_No_Compression',NULL,-1,'Biaya Tunggakan Keuangan anak anda adalah 3500000',42,'false',-1,'keuangan','0000-00-00 00:00:00','default','Nuris'),
('2014-05-12 16:23:17','0000-00-00 00:00:00','0000-00-00 00:00:00',NULL,'082121473036','Default_No_Compression',NULL,-1,'Biaya Tunggakan Keuangan anak anda adalah 3500000',43,'false',-1,'keuangan','0000-00-00 00:00:00','default','Nuris'),
('2014-05-12 16:23:02','0000-00-00 00:00:00','0000-00-00 00:00:00',NULL,'082121473036','Default_No_Compression',NULL,-1,'Biaya Tunggakan Keuangan anak anda adalah 3500000',41,'false',-1,'keuangan','0000-00-00 00:00:00','default','Nuris'),
('2014-05-12 16:24:02','0000-00-00 00:00:00','0000-00-00 00:00:00',NULL,'082121473036','Default_No_Compression',NULL,-1,'Biaya Tunggakan Keuangan anak anda adalah 3500000',47,'false',-1,'keuangan','0000-00-00 00:00:00','default','Nuris'),
('2014-05-12 16:24:02','0000-00-00 00:00:00','0000-00-00 00:00:00',NULL,'082121473036','Default_No_Compression',NULL,-1,'Biaya Tunggakan Keuangan anak anda adalah 3500000',48,'false',-1,'keuangan','0000-00-00 00:00:00','default','Nuris'),
('2014-05-22 10:14:25','0000-00-00 00:00:00','0000-00-00 00:00:00',NULL,'082121473036','Default_No_Compression',NULL,-1,'Biaya Tunggakan Keuangan anak anda adalah -500000',49,'false',-1,'keuangan','0000-00-00 00:00:00','default','Nuris'),
('2014-05-22 10:14:25','0000-00-00 00:00:00','0000-00-00 00:00:00',NULL,'082121473036','Default_No_Compression',NULL,-1,'Biaya Tunggakan Keuangan anak anda adalah 4750000',50,'false',-1,'keuangan','0000-00-00 00:00:00','default','Nuris');

/*Table structure for table `outbox_multipart` */

DROP TABLE IF EXISTS `outbox_multipart`;

CREATE TABLE `outbox_multipart` (
  `Text` text,
  `Coding` enum('Default_No_Compression','Unicode_No_Compression','8bit','Default_Compression','Unicode_Compression') NOT NULL DEFAULT 'Default_No_Compression',
  `UDH` text,
  `Class` int(11) DEFAULT '-1',
  `TextDecoded` text,
  `ID` int(10) unsigned NOT NULL DEFAULT '0',
  `SequencePosition` int(11) NOT NULL DEFAULT '1',
  PRIMARY KEY (`ID`,`SequencePosition`)
) ENGINE=MyISAM DEFAULT CHARSET=utf8;

/*Data for the table `outbox_multipart` */

/*Table structure for table `pbk` */

DROP TABLE IF EXISTS `pbk`;

CREATE TABLE `pbk` (
  `ID` int(11) NOT NULL AUTO_INCREMENT,
  `GroupID` int(11) NOT NULL DEFAULT '-1',
  `Name` text NOT NULL,
  `Number` text NOT NULL,
  PRIMARY KEY (`ID`)
) ENGINE=MyISAM DEFAULT CHARSET=utf8;

/*Data for the table `pbk` */

/*Table structure for table `pbk_groups` */

DROP TABLE IF EXISTS `pbk_groups`;

CREATE TABLE `pbk_groups` (
  `Name` text NOT NULL,
  `ID` int(11) NOT NULL AUTO_INCREMENT,
  PRIMARY KEY (`ID`)
) ENGINE=MyISAM DEFAULT CHARSET=utf8;

/*Data for the table `pbk_groups` */

/*Table structure for table `phones` */

DROP TABLE IF EXISTS `phones`;

CREATE TABLE `phones` (
  `ID` text NOT NULL,
  `UpdatedInDB` timestamp NOT NULL DEFAULT CURRENT_TIMESTAMP ON UPDATE CURRENT_TIMESTAMP,
  `InsertIntoDB` timestamp NOT NULL DEFAULT '0000-00-00 00:00:00',
  `TimeOut` timestamp NOT NULL DEFAULT '0000-00-00 00:00:00',
  `Send` enum('yes','no') NOT NULL DEFAULT 'no',
  `Receive` enum('yes','no') NOT NULL DEFAULT 'no',
  `IMEI` varchar(35) NOT NULL,
  `Client` text NOT NULL,
  `Battery` int(11) NOT NULL DEFAULT '0',
  `Signal` int(11) NOT NULL DEFAULT '0',
  `Sent` int(11) NOT NULL DEFAULT '0',
  `Received` int(11) NOT NULL DEFAULT '0',
  PRIMARY KEY (`IMEI`)
) ENGINE=MyISAM DEFAULT CHARSET=utf8;

/*Data for the table `phones` */

insert  into `phones`(`ID`,`UpdatedInDB`,`InsertIntoDB`,`TimeOut`,`Send`,`Receive`,`IMEI`,`Client`,`Battery`,`Signal`,`Sent`,`Received`) values 
('keuangan','2014-05-12 08:27:43','2014-05-12 06:20:24','2014-05-12 08:27:53','yes','yes','354058180822796','Gammu 1.28.90, Windows Server 2007, GCC 4.4, MinGW 3.13',0,0,3,0);

/*Table structure for table `sentitems` */

DROP TABLE IF EXISTS `sentitems`;

CREATE TABLE `sentitems` (
  `UpdatedInDB` timestamp NOT NULL DEFAULT CURRENT_TIMESTAMP ON UPDATE CURRENT_TIMESTAMP,
  `InsertIntoDB` timestamp NOT NULL DEFAULT '0000-00-00 00:00:00',
  `SendingDateTime` timestamp NOT NULL DEFAULT '0000-00-00 00:00:00',
  `DeliveryDateTime` timestamp NULL DEFAULT NULL,
  `Text` text NOT NULL,
  `DestinationNumber` varchar(20) NOT NULL DEFAULT '',
  `Coding` enum('Default_No_Compression','Unicode_No_Compression','8bit','Default_Compression','Unicode_Compression') NOT NULL DEFAULT 'Default_No_Compression',
  `UDH` text NOT NULL,
  `SMSCNumber` varchar(20) NOT NULL DEFAULT '',
  `Class` int(11) NOT NULL DEFAULT '-1',
  `TextDecoded` text NOT NULL,
  `ID` int(10) unsigned NOT NULL DEFAULT '0',
  `SenderID` varchar(255) NOT NULL,
  `SequencePosition` int(11) NOT NULL DEFAULT '1',
  `Status` enum('SendingOK','SendingOKNoReport','SendingError','DeliveryOK','DeliveryFailed','DeliveryPending','DeliveryUnknown','Error') NOT NULL DEFAULT 'SendingOK',
  `StatusError` int(11) NOT NULL DEFAULT '-1',
  `TPMR` int(11) NOT NULL DEFAULT '-1',
  `RelativeValidity` int(11) NOT NULL DEFAULT '-1',
  `CreatorID` text NOT NULL,
  PRIMARY KEY (`ID`,`SequencePosition`),
  KEY `sentitems_date` (`DeliveryDateTime`),
  KEY `sentitems_tpmr` (`TPMR`),
  KEY `sentitems_dest` (`DestinationNumber`),
  KEY `sentitems_sender` (`SenderID`)
) ENGINE=MyISAM DEFAULT CHARSET=utf8;

/*Data for the table `sentitems` */

insert  into `sentitems`(`UpdatedInDB`,`InsertIntoDB`,`SendingDateTime`,`DeliveryDateTime`,`Text`,`DestinationNumber`,`Coding`,`UDH`,`SMSCNumber`,`Class`,`TextDecoded`,`ID`,`SenderID`,`SequencePosition`,`Status`,`StatusError`,`TPMR`,`RelativeValidity`,`CreatorID`) values 
('2014-04-28 06:08:17','0000-00-00 00:00:00','2014-04-28 06:08:17',NULL,'00740065007300740069006E006700200073006D0073002000700065007200740061006D0061','082121473036','Default_No_Compression','','+6289644000001',-1,'testing sms pertama',1,'testingSMS',1,'SendingOKNoReport',-1,19,255,'Gammu 1.28.90'),
('2014-04-28 06:26:31','0000-00-00 00:00:00','2014-04-28 06:26:31',NULL,'007400650073007400200073006D00730020006B0065006400750061','082121473036','Default_No_Compression','','+6289644000001',-1,'test sms kedua',2,'testingSMS',1,'SendingError',-1,-1,255,'nuris'),
('2014-04-28 06:28:50','0000-00-00 00:00:00','2014-04-28 06:28:50',NULL,'006800680068006800680068','082121473036','Default_No_Compression','','+6289644000001',-1,'hhhhhh',8,'testingSMS',1,'SendingOKNoReport',-1,20,255,'Gammu 1.28.90'),
('2014-04-28 06:28:53','0000-00-00 00:00:00','2014-04-28 06:28:53',NULL,'00680061006C006C006F0020006E0075007200690073','082121473036','Default_No_Compression','','+6289644000001',-1,'hallo nuris',3,'testingSMS',1,'SendingOKNoReport',-1,21,255,'Gammu'),
('2014-04-28 06:28:56','0000-00-00 00:00:00','2014-04-28 06:28:56',NULL,'00680061006C006C006F0020006E0075007200690073','082121473036','Default_No_Compression','','+6289644000001',-1,'hallo nuris',4,'testingSMS',1,'SendingOKNoReport',-1,22,255,'Gammu'),
('2014-04-28 06:29:00','0000-00-00 00:00:00','2014-04-28 06:29:00',NULL,'0068006100690020006E007500720069007300200061006B006200610072','082121473036','Default_No_Compression','','+6289644000001',-1,'hai nuris akbar',5,'testingSMS',1,'SendingOKNoReport',-1,23,255,'Gammu 1.28.90'),
('2014-04-28 06:29:03','0000-00-00 00:00:00','2014-04-28 06:29:03',NULL,'0068006100690020006E007500720069007300200061006B0062006100720032','082121473036','Default_No_Compression','','+6289644000001',-1,'hai nuris akbar2',6,'testingSMS',1,'SendingOKNoReport',-1,24,255,'Gammu 1.28.90'),
('2014-04-28 06:29:06','0000-00-00 00:00:00','2014-04-28 06:29:06',NULL,'00630063006300630063','082121473036','Default_No_Compression','','+6289644000001',-1,'ccccc',7,'testingSMS',1,'SendingOKNoReport',-1,25,255,'Gammu 1.28.90'),
('2014-04-28 06:29:09','0000-00-00 00:00:00','2014-04-28 06:29:09',NULL,'006B006B006B006B006B','082121473036','Default_No_Compression','','+6289644000001',-1,'kkkkk',9,'testingSMS',1,'SendingOKNoReport',-1,26,255,'Gammu 1.28.90'),
('2014-04-28 06:45:17','0000-00-00 00:00:00','2014-04-28 06:45:17',NULL,'0063006F006200610020006B006900720069006D0020006400610072006900200063006F0064006500690067006E0069007400650072','082121473036','Default_No_Compression','','+6289644000001',-1,'coba kirim dari codeigniter',10,'testingSMS',1,'SendingOKNoReport',-1,27,255,'Gammu 1.28.90'),
('2014-04-28 06:45:21','0000-00-00 00:00:00','2014-04-28 06:45:21',NULL,'0063006F006200610020006B006900720069006D0020006400610072006900200063006F0064006500690067006E00690074006500720020006B0065006400750061','082121473036','Default_No_Compression','','+6289644000001',-1,'coba kirim dari codeigniter kedua',11,'testingSMS',1,'SendingOKNoReport',-1,28,255,'Gammu 1.28.90'),
('2014-04-28 06:45:56','0000-00-00 00:00:00','2014-04-28 06:45:56',NULL,'0063006F006200610020006B006900720069006D0020006400610072006900200063006F0064006500690067006E00690074006500720020006B00650074006900670061','082121473036','Default_No_Compression','','+6289644000001',-1,'coba kirim dari codeigniter ketiga',12,'testingSMS',1,'SendingOKNoReport',-1,29,255,'Gammu 1.28.90'),
('2014-04-28 06:49:01','0000-00-00 00:00:00','2014-04-28 06:49:01',NULL,'006800610069002000620072006F','082121473036','Default_No_Compression','','+6289644000001',-1,'hai bro',13,'testingSMS',1,'SendingOKNoReport',-1,30,255,'Gammu 1.28.90'),
('2014-04-28 07:30:10','0000-00-00 00:00:00','2014-04-28 07:30:10',NULL,'0057006500620020006F006600200049006E0066006F0072006D006100740069006F006E002000530079007300740065006D0020006F006600200041006B006100640065006D00690063002000500072006F006700720061006D00200053007400750064007900200049006E0073007400720075006D0065006E0074006100740069006F006E000D000A00200020002000200020002000200020002000200020002000200020002000200061006E006400200045006C0065006300740072006F006E006900630073002000680061007600650020006200650065006E002000640065007300690067006E0065006400200061006E0064002000630061006E0020006200650020006100630063006500730073006500640020007400680072006F00750067006800200069006E007400650072','082121473036','Default_No_Compression','0500038C0301','+6289644000001',-1,'Web of Information System of Akademic Program Study Instrumentation\r\n                and Electronics have been designed and can be accessed through inter',15,'testingSMS',1,'SendingOKNoReport',-1,31,255,'Gammu'),
('2014-04-28 07:30:14','0000-00-00 00:00:00','2014-04-28 07:30:14',NULL,'006E00650074002E0020004200790020007700650062000D000A002000200020002000200020002000200020002000200020002000200020002000740068006500200061006C006C00200069006E0066006F0072006D006100740069006F006E002000610062006F007500740020006B006E006F007700610062006C006500200061006B006100640065006D00690063002E000D000A0020002000200020002000200020002000200020002000200020002000200020005700650062002000640065007300690067006E0065006400200072006500700072006500730065006E0074002000640079006E0061006D00690063002000770065006200200073006F00200074006800610074002000630061006E0020006D0061006B0065002000610020006300680061006E0067006500200064','082121473036','Default_No_Compression','0500038C0302','+6289644000001',-1,'net. By web\r\n                the all information about knowable akademic.\r\n                Web designed represent dynamic web so that can make a change d',15,'testingSMS',2,'SendingOKNoReport',-1,32,255,'Gammu'),
('2014-04-28 07:30:16','0000-00-00 00:00:00','2014-04-28 07:30:16',NULL,'006100740061002000610074002E','082121473036','Default_No_Compression','0500038C0303','+6289644000001',-1,'ata at.',15,'testingSMS',3,'SendingOKNoReport',-1,33,255,'Gammu'),
('2014-05-11 16:21:47','0000-00-00 00:00:00','2014-05-11 16:21:47',NULL,'0067006600670066006700660067','082121473036','Default_No_Compression','','+6289644000001',-1,'gfgfgfg',23,'keuangan',1,'SendingOKNoReport',-1,134,255,'Gammu 1.28.90'),
('2014-05-12 06:20:58','0000-00-00 00:00:00','2014-05-12 06:20:58',NULL,'0074006500730020006B006900720069006D00200073006D0073','082121473036','Default_No_Compression','','+6289644000001',-1,'tes kirim sms',36,'keuangan',1,'SendingOKNoReport',-1,160,255,'Gammu 1.28.90'),
('2014-05-12 06:25:35','0000-00-00 00:00:00','2014-05-12 06:25:35',NULL,'00420069006100790061002000540075006E006700670061006B0061006E0020004B006500750061006E00670061006E00200061006E0061006B00200061006E006400610020006100640061006C0061006800200033003500300030003000300030','082121473036','Default_No_Compression','','+6289644000001',-1,'Biaya Tunggakan Keuangan anak anda adalah 3500000',40,'keuangan',1,'SendingOKNoReport',-1,161,255,'Nuris'),
('2014-05-12 06:25:38','0000-00-00 00:00:00','2014-05-12 06:25:38',NULL,'00420069006100790061002000540075006E006700670061006B0061006E0020004B006500750061006E00670061006E00200061006E0061006B00200061006E006400610020006100640061006C0061006800200031003400300030003000300030','082121473036','Default_No_Compression','','+6289644000001',-1,'Biaya Tunggakan Keuangan anak anda adalah 1400000',39,'keuangan',1,'SendingOKNoReport',-1,162,255,'Nuris');

/*Table structure for table `setting` */

DROP TABLE IF EXISTS `setting`;

CREATE TABLE `setting` (
  `id` int(11) NOT NULL,
  `nama_kampus` varchar(160) NOT NULL,
  `alamat_kampus` text NOT NULL,
  `telpon` varchar(12) NOT NULL
) ENGINE=InnoDB DEFAULT CHARSET=latin1;

/*Data for the table `setting` */

insert  into `setting`(`id`,`nama_kampus`,`alamat_kampus`,`telpon`) values 
(1,'politeknik tedc bandung1','cimahi','0218765431');

/*Table structure for table `student_absen` */

DROP TABLE IF EXISTS `student_absen`;

CREATE TABLE `student_absen` (
  `absen_id` int(11) NOT NULL AUTO_INCREMENT,
  `jadwal_id` int(11) NOT NULL,
  `tanggal` date NOT NULL,
  `keterangan` text NOT NULL,
  PRIMARY KEY (`absen_id`)
) ENGINE=InnoDB AUTO_INCREMENT=13 DEFAULT CHARSET=latin1;

/*Data for the table `student_absen` */

insert  into `student_absen`(`absen_id`,`jadwal_id`,`tanggal`,`keterangan`) values 
(11,132,'2018-04-28','belajar konsep pemrograman'),
(12,132,'2018-05-03','materi aaaaa');

/*Table structure for table `student_absen_detail` */

DROP TABLE IF EXISTS `student_absen_detail`;

CREATE TABLE `student_absen_detail` (
  `detail_id` int(11) NOT NULL AUTO_INCREMENT,
  `absen_id` int(11) NOT NULL,
  `nim` varchar(10) NOT NULL,
  `kehadiran` varchar(1) NOT NULL,
  `keterangan` text NOT NULL,
  PRIMARY KEY (`detail_id`)
) ENGINE=InnoDB AUTO_INCREMENT=33 DEFAULT CHARSET=latin1;

/*Data for the table `student_absen_detail` */

insert  into `student_absen_detail`(`detail_id`,`absen_id`,`nim`,`kehadiran`,`keterangan`) values 
(28,11,'1402126','h',''),
(29,11,'120947375','h',''),
(30,12,'1402126','h',''),
(31,12,'120947375','a',''),
(32,12,'12121212','h','');

/*Table structure for table `student_angkatan` */

DROP TABLE IF EXISTS `student_angkatan`;

CREATE TABLE `student_angkatan` (
  `angkatan_id` int(11) NOT NULL AUTO_INCREMENT,
  `keterangan` varchar(15) NOT NULL,
  `aktif` varchar(1) NOT NULL COMMENT 'y = aktif dan n = tidak',
  PRIMARY KEY (`angkatan_id`)
) ENGINE=InnoDB AUTO_INCREMENT=5 DEFAULT CHARSET=latin1;

/*Data for the table `student_angkatan` */

insert  into `student_angkatan`(`angkatan_id`,`keterangan`,`aktif`) values 
(1,'2013-2014','n'),
(2,'2014-2015','n'),
(3,'2017-2018','n'),
(4,'2018-2019','y');

/*Table structure for table `student_mahasiswa` */

DROP TABLE IF EXISTS `student_mahasiswa`;

CREATE TABLE `student_mahasiswa` (
  `mahasiswa_id` int(11) NOT NULL AUTO_INCREMENT,
  `nim` varchar(13) NOT NULL,
  `nama` varchar(50) NOT NULL,
  `konsentrasi_id` int(2) NOT NULL,
  `angkatan_id` int(4) NOT NULL COMMENT 'tahun akademik ketika masuk',
  `alamat` text NOT NULL,
  `semester` int(11) NOT NULL,
  `gender` varchar(1) NOT NULL,
  `agama_id` int(11) NOT NULL,
  `tempat_lahir` varchar(100) NOT NULL,
  `tanggal_lahir` date NOT NULL,
  `nama_ibu` varchar(100) NOT NULL,
  `nama_ayah` varchar(100) NOT NULL,
  `no_hp_ortu` varchar(12) NOT NULL,
  `pekerjaan_id_ibu` int(11) NOT NULL,
  `pekerjaan_id_ayah` int(11) NOT NULL,
  `alamat_ayah` text NOT NULL,
  `alamat_ibu` text NOT NULL,
  `penghasilan_ayah` int(11) NOT NULL,
  `penghasilan_ibu` int(11) NOT NULL,
  `sekolah_nama` varchar(50) NOT NULL,
  `sekolah_telpon` varchar(12) NOT NULL,
  `sekolah_alamat` text NOT NULL,
  `sekolah_jurusan` varchar(80) NOT NULL,
  `sekolah_tahun_lulus` int(4) NOT NULL,
  `kampus_nama` varchar(50) NOT NULL,
  `kampus_telpon` varchar(12) NOT NULL,
  `kampus_alamat` text NOT NULL,
  `kampus_jurusan` varchar(80) NOT NULL,
  `kampus_tahun_lulus` int(4) NOT NULL,
  `institusi_nama` varchar(80) NOT NULL,
  `institusi_telpon` varchar(12) NOT NULL,
  `institusi_alamat` text NOT NULL,
  `instansi_nama` varchar(80) NOT NULL,
  `instansi_telpon` varchar(12) NOT NULL,
  `instansi_alamat` text NOT NULL,
  `instansi_mulai` int(4) NOT NULL,
  `instansi_sampai` int(4) NOT NULL,
  `semester_aktif` int(11) NOT NULL,
  `password` varchar(100) DEFAULT NULL,
  `kelas` enum('1','2') DEFAULT NULL COMMENT '1. reguler 2. paket',
  `ipk` varchar(5) DEFAULT NULL,
  PRIMARY KEY (`mahasiswa_id`)
) ENGINE=InnoDB AUTO_INCREMENT=22 DEFAULT CHARSET=latin1;

/*Data for the table `student_mahasiswa` */

insert  into `student_mahasiswa`(`mahasiswa_id`,`nim`,`nama`,`konsentrasi_id`,`angkatan_id`,`alamat`,`semester`,`gender`,`agama_id`,`tempat_lahir`,`tanggal_lahir`,`nama_ibu`,`nama_ayah`,`no_hp_ortu`,`pekerjaan_id_ibu`,`pekerjaan_id_ayah`,`alamat_ayah`,`alamat_ibu`,`penghasilan_ayah`,`penghasilan_ibu`,`sekolah_nama`,`sekolah_telpon`,`sekolah_alamat`,`sekolah_jurusan`,`sekolah_tahun_lulus`,`kampus_nama`,`kampus_telpon`,`kampus_alamat`,`kampus_jurusan`,`kampus_tahun_lulus`,`institusi_nama`,`institusi_telpon`,`institusi_alamat`,`instansi_nama`,`instansi_telpon`,`instansi_alamat`,`instansi_mulai`,`instansi_sampai`,`semester_aktif`,`password`,`kelas`,`ipk`) values 
(16,'1402126','Boy Kurniawan',3,3,'jakarta',0,'1',1,'Jambi','1995-03-01','','','',1,1,'','',0,0,'','','','',0,'','','','',0,'0','','','','','0',0,0,2,NULL,'2','2.533'),
(17,'120947375','Josua',3,3,'jamnbi',0,'1',1,'Jambi','1991-04-04','','','',1,1,'','',0,0,'','','','',0,'','','','',0,'0','','','','','0',0,0,2,NULL,'1','1'),
(18,'1203123','Ridwan',4,3,'Janbi',0,'1',1,'Jabi','1992-04-24','','','',1,1,'','',0,0,'','','','',0,'','','','',0,'0','','','','','0',0,0,0,NULL,'1',NULL),
(19,'1203977','Karni',4,3,'jambi',0,'1',1,'jakarta','1993-12-01','','','',1,1,'','',0,0,'','','','',0,'','','','',0,'0','','','','','0',0,0,0,NULL,'2',NULL),
(20,'1489468798','jolo',3,3,'jambi',0,'1',1,'jambi','1992-11-01','','','',1,1,'','',0,0,'','','','',0,'','','','',0,'0','','','','','0',0,0,0,NULL,'1',NULL),
(21,'12121212','Lani',3,4,'jambi',0,'1',1,'Jabi','1996-01-01','','','',1,1,'','',0,0,'','','','',0,'','','','',0,'0','','','','','0',0,0,1,NULL,'1','0.8');

/*Table structure for table `submenu` */

DROP TABLE IF EXISTS `submenu`;

CREATE TABLE `submenu` (
  `id_submenu` int(11) NOT NULL AUTO_INCREMENT,
  `id_mainmenu` int(11) NOT NULL,
  `nama_submenu` varchar(50) NOT NULL,
  `link` varchar(50) NOT NULL,
  `aktif` enum('y','t') NOT NULL,
  `icon` varchar(30) NOT NULL,
  `level` int(11) NOT NULL,
  PRIMARY KEY (`id_submenu`)
) ENGINE=InnoDB AUTO_INCREMENT=90 DEFAULT CHARSET=latin1;

/*Data for the table `submenu` */

insert  into `submenu`(`id_submenu`,`id_mainmenu`,`nama_submenu`,`link`,`aktif`,`icon`,`level`) values 
(70,28,'tahun akademik','tahunakademik','y','fa fa-long-arrow-right',1),
(71,26,'gedung','gedung','t','fa fa-long-arrow-right',1),
(72,26,'ruangan','ruangan','y','fa fa-long-arrow-right',1),
(73,28,'matakuliah','matakuliah','y','fa fa-long-arrow-right',1),
(74,26,'prodi','prodi','t','fa fa-long-arrow-right',1),
(75,26,'konsentrasi','konsentrasi','t','fa fa-long-arrow-right',1),
(76,26,'dosen','dosen','y','fa fa-long-arrow-right',1),
(77,28,'jadwal kuliah','jadwalkuliah','y','fa fa-long-arrow-right',1),
(78,26,'kelompok matakuliah','kelompokmatakuliah','t','fa fa-long-arrow-right',1),
(79,29,'form pembayaran','keuangan/pembayaran','y','fa fa-long-arrow-right',1),
(80,29,'jenis pembayaran','jenisbayar','y','fa fa-long-arrow-right',1),
(81,29,'biaya kuliah','setupbiayakuliah','y','fa fa-long-arrow-right',1),
(82,29,'laporan keuangan','keuangan/laporan','y','fa fa-long-arrow-right',1),
(83,28,'registrasi','registrasi','y','fa fa-long-arrow-right',1),
(84,28,'kartu rencana studi','krs/lihat','y','fa fa-long-arrow-right',1),
(85,35,'kartu rencana studi','krs/lihat','y','fa fa-long-arrow-right',0),
(86,35,'kartu hasil studi','khs','y','fa fa-long-arrow-right',0),
(87,26,'grade nilai','grade','y','fa fa-long-arrow-right',0),
(88,28,'kartu hasil studi','khs','y','fa fa-long-arrow-right',0),
(89,26,'tahun angkatan','tahunangkatan','y','fa fa-long-arrow-right',0);

/*!40101 SET SQL_MODE=@OLD_SQL_MODE */;
/*!40014 SET FOREIGN_KEY_CHECKS=@OLD_FOREIGN_KEY_CHECKS */;
/*!40014 SET UNIQUE_CHECKS=@OLD_UNIQUE_CHECKS */;
/*!40111 SET SQL_NOTES=@OLD_SQL_NOTES */;
